order_id,order_date,city,product_category,order_status,revenue,delivery_time_days,customer_type
10001,2023-10-11,Pune,Sports,Delivered,2160.528,1,New
10002,2023-12-27,Bengaluru,Sports,Returned,3494.4,7,New
10003,2023-10-01,Mumbai,Fashion,Returned,2532.2880000000005,6,Repeat
10004,2023-07-15,Bengaluru,Beauty,Returned,3625.94,2,New
10005,2023-10-15,Pune,Fashion,Delivered,1712.816,2,New
10006,2023-09-10,Mumbai,Home,Delivered,3823.28,7,New
10007,2023-07-21,Mumbai,Electronics,Delivered,3499.78,1,New
10008,2023-10-11,Bengaluru,Electronics,Cancelled,830.424,2,Repeat
10009,2023-10-30,Delhi,Electronics,Returned,2461.512,8,New
10010,2023-09-13,Bengaluru,Fashion,Delivered,1655.35,6,Repeat
10011,2023-09-26,Hyderabad,Fashion,Cancelled,4118.43,2,New
10012,2023-10-25,Bengaluru,Electronics,Returned,1933.376,7,Repeat
10013,2023-10-08,Bengaluru,Fashion,Returned,3980.864,4,Repeat
10014,2023-10-12,Bengaluru,Sports,Delivered,733.0,2,Repeat
10015,2023-11-29,Mumbai,Sports,Delivered,3209.2560000000003,6,Repeat
10016,2023-11-08,Mumbai,Fashion,Returned,2825.328,9,Repeat
10017,2023-11-27,Bengaluru,Electronics,Delivered,3162.992,9,New
10018,2023-08-22,Delhi,Fashion,Delivered,1883.88,8,Repeat
10019,2023-07-02,Mumbai,Fashion,Delivered,2714.25,3,Repeat
10020,2023-09-26,Mumbai,Fashion,Returned,4084.29,3,New
10021,2023-12-05,Mumbai,Home,Returned,1237.152,2,New
10022,2023-08-07,Mumbai,Sports,Delivered,1517.15,5,Repeat
10023,2023-11-07,Mumbai,Beauty,Returned,2383.784,4,Repeat
10024,2023-07-21,Bengaluru,Beauty,Cancelled,2856.04,7,New
10025,2023-12-08,Bengaluru,Home,Returned,1416.1440000000002,4,New
10026,2023-08-27,Hyderabad,Fashion,Cancelled,1841.34,9,Repeat
10027,2023-07-22,Pune,Home,Delivered,1750.3,2,New
10028,2023-09-27,Mumbai,Home,Delivered,3971.8,6,Repeat
10029,2023-08-18,Bengaluru,Electronics,Delivered,3433.55,7,Repeat
10030,2023-08-28,Delhi,Sports,Delivered,4245.88,4,Repeat
10031,2023-12-17,Mumbai,Beauty,Delivered,3911.704,6,New
10032,2023-07-15,Bengaluru,Fashion,Delivered,2633.74,7,Repeat
10033,2023-12-22,Bengaluru,Beauty,Delivered,640.096,4,Repeat
10034,2023-08-20,Delhi,Beauty,Delivered,716.42,8,Repeat
10035,2023-10-16,Delhi,Sports,Returned,1464.392,9,New
10036,2023-08-24,Bengaluru,Beauty,Delivered,4696.45,1,New
10037,2023-09-02,Bengaluru,Beauty,Returned,2854.46,7,Repeat
10038,2023-11-08,Bengaluru,Home,Delivered,1378.432,9,New
10039,2023-08-20,Delhi,Sports,Delivered,2296.25,5,New
10040,2023-11-12,Bengaluru,Electronics,Returned,2554.944,2,New
10041,2023-07-21,Bengaluru,Fashion,Delivered,3438.27,6,Repeat
10042,2023-09-11,Delhi,Beauty,Delivered,1192.64,7,New
10043,2023-12-14,Bengaluru,Fashion,Returned,3917.3120000000004,2,New
10044,2023-07-18,Delhi,Electronics,Delivered,2951.48,2,New
10045,2023-11-09,Bengaluru,Fashion,Delivered,888.48,1,Repeat
10046,2023-09-27,Bengaluru,Electronics,Delivered,4521.36,4,New
10047,2023-08-29,Bengaluru,Home,Cancelled,835.87,7,New
10048,2023-07-14,Delhi,Beauty,Returned,4584.81,9,New
10049,2023-07-09,Hyderabad,Electronics,Returned,4984.55,3,Repeat
10050,2023-09-28,Hyderabad,Fashion,Delivered,3651.94,7,New
10051,2023-08-22,Mumbai,Beauty,Returned,3967.01,7,New
10052,2023-11-07,Delhi,Home,Returned,1614.288,7,New
10053,2023-09-22,Bengaluru,Beauty,Delivered,4737.1,2,Repeat
10054,2023-09-30,Bengaluru,Electronics,Cancelled,2883.71,6,Repeat
10055,2023-10-19,Hyderabad,Home,Delivered,3036.6000000000004,2,Repeat
10056,2023-12-19,Bengaluru,Fashion,Delivered,3726.7839999999997,6,Repeat
10057,2023-07-08,Bengaluru,Home,Cancelled,4888.31,3,New
10058,2023-12-22,Bengaluru,Home,Cancelled,3399.536,2,Repeat
10059,2023-08-04,Bengaluru,Sports,Delivered,1863.58,6,New
10060,2023-09-19,Bengaluru,Home,Cancelled,4849.46,2,New
10061,2023-12-11,Mumbai,Home,Cancelled,2661.232,5,New
10062,2023-08-19,Mumbai,Beauty,Delivered,4687.89,2,New
10063,2023-10-12,Hyderabad,Fashion,Delivered,2833.976,3,Repeat
10064,2023-11-09,Hyderabad,Beauty,Cancelled,1506.064,3,New
10065,2023-07-02,Bengaluru,Beauty,Delivered,2165.11,6,Repeat
10066,2023-11-11,Bengaluru,Electronics,Delivered,2381.696,6,New
10067,2023-08-23,Mumbai,Beauty,Delivered,4055.07,3,New
10068,2023-10-14,Mumbai,Sports,Delivered,1544.736,3,Repeat
10069,2023-07-04,Bengaluru,Sports,Delivered,3108.79,1,Repeat
10070,2023-08-23,Delhi,Electronics,Delivered,2055.31,7,Repeat
10071,2023-11-23,Mumbai,Fashion,Delivered,3336.768,8,New
10072,2023-08-13,Mumbai,Fashion,Returned,2600.28,2,New
10073,2023-12-09,Mumbai,Beauty,Cancelled,676.2,4,Repeat
10074,2023-07-14,Bengaluru,Beauty,Delivered,1247.24,7,Repeat
10075,2023-10-03,Pune,Beauty,Delivered,619.9760000000001,8,New
10076,2023-08-17,Delhi,Fashion,Delivered,2746.86,1,Repeat
10077,2023-07-15,Bengaluru,Home,Delivered,978.52,4,Repeat
10078,2023-08-09,Hyderabad,Sports,Delivered,1013.63,6,Repeat
10079,2023-09-20,Mumbai,Home,Cancelled,4734.72,3,Repeat
10080,2023-10-19,Hyderabad,Home,Returned,3541.56,5,Repeat
10081,2023-08-22,Delhi,Fashion,Delivered,2534.39,9,New
10082,2023-07-24,Mumbai,Home,Delivered,4936.12,3,New
10083,2023-12-01,Bengaluru,Electronics,Returned,400.672,5,Repeat
10084,2023-11-01,Bengaluru,Beauty,Returned,2610.328,8,New
10085,2023-08-10,Mumbai,Electronics,Delivered,3273.93,6,New
10086,2023-12-04,Delhi,Sports,Delivered,2046.792,4,New
10087,2023-07-15,Bengaluru,Beauty,Returned,2286.27,8,New
10088,2023-08-14,Bengaluru,Home,Delivered,2549.22,3,Repeat
10089,2023-09-03,Hyderabad,Sports,Delivered,2367.32,3,Repeat
10090,2023-09-27,Pune,Beauty,Delivered,3787.22,4,New
10091,2023-09-09,Mumbai,Home,Delivered,1109.1,9,New
10092,2023-07-09,Bengaluru,Electronics,Delivered,1389.38,5,Repeat
10093,2023-09-26,Bengaluru,Beauty,Delivered,1312.33,8,Repeat
10094,2023-11-06,Bengaluru,Home,Delivered,1344.896,6,Repeat
10095,2023-11-13,Pune,Electronics,Delivered,2290.928,3,New
10096,2023-09-01,Bengaluru,Sports,Delivered,1000.44,8,New
10097,2023-11-16,Mumbai,Sports,Returned,3525.4080000000004,9,New
10098,2023-09-19,Bengaluru,Sports,Delivered,1838.13,8,Repeat
10099,2023-11-13,Mumbai,Sports,Returned,985.1360000000001,4,Repeat
10100,2023-12-10,Delhi,Fashion,Returned,2832.2400000000002,6,Repeat
10101,2023-12-10,Hyderabad,Beauty,Returned,537.112,1,New
10102,2023-08-02,Bengaluru,Beauty,Delivered,3289.86,4,Repeat
10103,2023-10-31,Bengaluru,Fashion,Delivered,2913.512,8,Repeat
10104,2023-07-05,Bengaluru,Home,Delivered,1467.12,1,New
10105,2023-08-10,Pune,Home,Delivered,688.84,3,New
10106,2023-07-28,Hyderabad,Sports,Delivered,2136.4,1,New
10107,2023-11-12,Mumbai,Electronics,Cancelled,754.936,9,New
10108,2023-09-10,Delhi,Home,Delivered,1024.15,2,New
10109,2023-07-12,Delhi,Electronics,Cancelled,1644.18,9,New
10110,2023-12-09,Bengaluru,Beauty,Returned,1463.688,4,New
10111,2023-08-02,Pune,Electronics,Cancelled,2884.87,2,New
10112,2023-08-17,Mumbai,Beauty,Delivered,3552.76,4,New
10113,2023-11-28,Mumbai,Fashion,Delivered,2533.976,6,Repeat
10114,2023-08-31,Mumbai,Fashion,Delivered,1167.62,7,New
10115,2023-08-06,Bengaluru,Sports,Returned,1274.39,3,Repeat
10116,2023-10-07,Bengaluru,Home,Delivered,3563.568,3,New
10117,2023-12-19,Delhi,Sports,Returned,2410.072,8,Repeat
10118,2023-10-12,Bengaluru,Beauty,Cancelled,3531.7760000000003,5,New
10119,2023-08-04,Delhi,Sports,Returned,2171.96,4,Repeat
10120,2023-10-09,Bengaluru,Electronics,Delivered,2611.84,7,New
10121,2023-12-22,Mumbai,Beauty,Returned,2285.192,7,Repeat
10122,2023-11-08,Bengaluru,Fashion,Delivered,1548.848,9,New
10123,2023-07-01,Mumbai,Home,Returned,2614.62,9,Repeat
10124,2023-07-05,Delhi,Beauty,Returned,2761.21,5,New
10125,2023-11-19,Bengaluru,Beauty,Delivered,1122.776,8,New
10126,2023-10-11,Mumbai,Electronics,Returned,1534.04,1,New
10127,2023-07-27,Mumbai,Home,Delivered,4061.34,9,Repeat
10128,2023-11-14,Delhi,Fashion,Returned,3696.84,8,Repeat
10129,2023-07-15,Pune,Beauty,Delivered,2119.07,6,Repeat
10130,2023-09-28,Delhi,Beauty,Delivered,1881.38,3,New
10131,2023-08-11,Bengaluru,Electronics,Delivered,1378.39,3,New
10132,2023-11-01,Bengaluru,Sports,Returned,2842.568,8,Repeat
10133,2023-12-26,Bengaluru,Fashion,Delivered,1563.16,5,New
10134,2023-09-01,Mumbai,Home,Delivered,4944.87,7,Repeat
10135,2023-10-04,Bengaluru,Beauty,Delivered,1572.464,5,Repeat
10136,2023-08-21,Mumbai,Beauty,Delivered,2273.61,8,Repeat
10137,2023-10-04,Mumbai,Fashion,Delivered,2572.0,4,New
10138,2023-11-09,Bengaluru,Sports,Delivered,3286.0640000000003,2,New
10139,2023-11-28,Delhi,Beauty,Delivered,2090.264,3,New
10140,2023-11-20,Bengaluru,Fashion,Delivered,1921.56,8,Repeat
10141,2023-12-18,Bengaluru,Electronics,Delivered,3984.2960000000003,7,New
10142,2023-07-29,Delhi,Sports,Cancelled,547.22,2,New
10143,2023-08-05,Mumbai,Home,Delivered,4527.79,6,New
10144,2023-07-13,Delhi,Beauty,Delivered,1171.13,9,New
10145,2023-12-07,Mumbai,Fashion,Delivered,3229.328,4,Repeat
10146,2023-09-09,Bengaluru,Electronics,Delivered,3280.69,9,Repeat
10147,2023-09-24,Hyderabad,Home,Delivered,2038.31,2,New
10148,2023-07-28,Delhi,Fashion,Delivered,4432.44,2,New
10149,2023-09-04,Delhi,Fashion,Delivered,558.08,9,Repeat
10150,2023-12-17,Bengaluru,Home,Returned,1216.088,7,New
10151,2023-08-14,Mumbai,Electronics,Delivered,3051.02,7,Repeat
10152,2023-08-31,Mumbai,Electronics,Delivered,2081.94,1,Repeat
10153,2023-11-11,Bengaluru,Sports,Delivered,2597.36,6,New
10154,2023-07-28,Pune,Beauty,Returned,608.5,7,New
10155,2023-07-28,Bengaluru,Home,Delivered,1024.07,6,Repeat
10156,2023-10-16,Pune,Home,Delivered,857.5440000000001,6,New
10157,2023-08-13,Mumbai,Home,Delivered,1351.78,2,New
10158,2023-09-22,Bengaluru,Electronics,Cancelled,2566.99,6,New
10159,2023-07-30,Mumbai,Beauty,Delivered,3884.58,4,New
10160,2023-09-13,Hyderabad,Sports,Returned,4574.92,9,Repeat
10161,2023-11-05,Delhi,Fashion,Returned,3407.3440000000005,1,Repeat
10162,2023-09-30,Hyderabad,Fashion,Delivered,1386.0,8,Repeat
10163,2023-11-06,Delhi,Home,Delivered,1988.144,5,New
10164,2023-10-29,Delhi,Beauty,Returned,1117.8799999999999,1,New
10165,2023-07-27,Hyderabad,Electronics,Returned,1690.12,4,Repeat
10166,2023-10-29,Bengaluru,Beauty,Delivered,2212.768,1,New
10167,2023-10-24,Mumbai,Beauty,Delivered,645.192,6,Repeat
10168,2023-07-03,Bengaluru,Electronics,Delivered,1481.78,2,New
10169,2023-10-11,Pune,Home,Delivered,3767.36,5,Repeat
10170,2023-12-02,Pune,Beauty,Delivered,2078.016,7,New
10171,2023-11-14,Bengaluru,Fashion,Returned,2003.3919999999998,2,New
10172,2023-08-31,Delhi,Electronics,Delivered,565.55,6,New
10173,2023-12-12,Pune,Sports,Cancelled,1290.64,6,New
10174,2023-08-20,Bengaluru,Home,Delivered,4398.32,5,New
10175,2023-12-19,Mumbai,Electronics,Delivered,992.664,5,Repeat
10176,2023-11-29,Pune,Sports,Delivered,1894.448,3,Repeat
10177,2023-08-28,Bengaluru,Sports,Returned,564.49,2,Repeat
10178,2023-10-26,Delhi,Beauty,Returned,2122.0080000000003,7,Repeat
10179,2023-12-07,Bengaluru,Beauty,Delivered,475.672,1,New
10180,2023-10-04,Pune,Beauty,Returned,3350.592,6,New
10181,2023-12-27,Pune,Electronics,Delivered,3369.472,6,New
10182,2023-10-21,Pune,Electronics,Cancelled,3235.8720000000003,3,Repeat
10183,2023-08-31,Mumbai,Home,Delivered,1775.14,2,New
10184,2023-08-21,Hyderabad,Beauty,Delivered,4267.57,2,Repeat
10185,2023-07-12,Hyderabad,Sports,Delivered,2943.49,9,New
10186,2023-08-08,Bengaluru,Fashion,Delivered,2182.14,5,Repeat
10187,2023-11-07,Hyderabad,Home,Delivered,2651.184,7,Repeat
10188,2023-11-08,Bengaluru,Electronics,Delivered,444.424,5,New
10189,2023-10-21,Mumbai,Home,Cancelled,914.656,7,New
10190,2023-10-09,Bengaluru,Home,Returned,3072.2560000000003,4,Repeat
10191,2023-10-21,Bengaluru,Home,Delivered,1278.9840000000002,8,New
10192,2023-09-19,Bengaluru,Home,Cancelled,3191.04,7,New
10193,2023-10-21,Delhi,Fashion,Returned,1786.3680000000002,5,Repeat
10194,2023-07-02,Bengaluru,Beauty,Delivered,4346.63,6,New
10195,2023-11-07,Delhi,Sports,Returned,3828.696,5,Repeat
10196,2023-08-23,Bengaluru,Home,Cancelled,4476.04,7,Repeat
10197,2023-09-25,Bengaluru,Home,Returned,1717.79,2,New
10198,2023-11-06,Mumbai,Home,Delivered,1098.9840000000002,5,New
10199,2023-11-24,Delhi,Beauty,Returned,2107.9680000000003,3,New
10200,2023-11-03,Bengaluru,Electronics,Delivered,426.40000000000003,9,Repeat
10201,2023-11-07,Delhi,Electronics,Returned,492.91200000000003,6,New
10202,2023-08-22,Hyderabad,Fashion,Delivered,2989.81,3,Repeat
10203,2023-12-19,Delhi,Electronics,Cancelled,2273.616,7,New
10204,2023-12-07,Bengaluru,Home,Delivered,3980.496,4,New
10205,2023-12-07,Bengaluru,Home,Delivered,1126.632,3,New
10206,2023-09-06,Hyderabad,Home,Delivered,1661.47,8,New
10207,2023-12-30,Bengaluru,Fashion,Delivered,808.744,4,New
10208,2023-10-31,Hyderabad,Home,Delivered,3703.152,1,New
10209,2023-11-22,Mumbai,Electronics,Cancelled,3200.1200000000003,6,New
10210,2023-08-07,Pune,Beauty,Returned,4200.53,1,New
10211,2023-07-24,Delhi,Beauty,Delivered,4562.44,5,New
10212,2023-09-07,Pune,Sports,Returned,2862.05,7,Repeat
10213,2023-10-24,Mumbai,Electronics,Delivered,2024.296,6,New
10214,2023-10-06,Delhi,Home,Delivered,1589.4080000000001,2,New
10215,2023-11-16,Mumbai,Beauty,Returned,2521.176,4,Repeat
10216,2023-11-21,Mumbai,Electronics,Cancelled,2035.4,2,New
10217,2023-10-05,Delhi,Beauty,Delivered,2025.6400000000003,1,Repeat
10218,2023-11-01,Hyderabad,Home,Returned,3772.9440000000004,3,New
10219,2023-09-08,Pune,Beauty,Cancelled,4928.14,3,New
10220,2023-10-01,Delhi,Sports,Returned,3267.344,7,Repeat
10221,2023-07-03,Mumbai,Sports,Returned,3905.41,1,New
10222,2023-11-25,Mumbai,Beauty,Cancelled,2850.0080000000003,9,Repeat
10223,2023-12-11,Delhi,Electronics,Returned,997.872,6,New
10224,2023-11-24,Bengaluru,Electronics,Returned,612.784,4,Repeat
10225,2023-09-28,Bengaluru,Electronics,Returned,3608.27,3,Repeat
10226,2023-11-24,Mumbai,Beauty,Delivered,3023.632,3,New
10227,2023-11-25,Bengaluru,Electronics,Delivered,569.104,2,Repeat
10228,2023-10-04,Bengaluru,Home,Returned,3740.984,2,New
10229,2023-08-21,Bengaluru,Sports,Delivered,910.13,5,Repeat
10230,2023-12-08,Bengaluru,Home,Cancelled,1429.24,9,New
10231,2023-12-15,Bengaluru,Electronics,Cancelled,2820.6000000000004,2,Repeat
10232,2023-11-05,Pune,Home,Cancelled,1011.5440000000001,2,New
10233,2023-08-08,Mumbai,Electronics,Returned,749.37,6,New
10234,2023-09-20,Mumbai,Beauty,Delivered,1990.16,2,Repeat
10235,2023-10-12,Delhi,Home,Delivered,3157.496,4,Repeat
10236,2023-11-06,Bengaluru,Beauty,Returned,1889.2400000000002,6,New
10237,2023-07-11,Pune,Beauty,Returned,3438.38,5,New
10238,2023-12-25,Delhi,Fashion,Returned,2486.632,1,New
10239,2023-11-28,Bengaluru,Electronics,Returned,479.98400000000004,6,New
10240,2023-12-06,Mumbai,Sports,Delivered,3958.7440000000006,1,New
10241,2023-08-11,Hyderabad,Electronics,Delivered,686.43,3,Repeat
10242,2023-10-07,Pune,Sports,Delivered,3884.0879999999997,5,New
10243,2023-07-07,Mumbai,Electronics,Delivered,2974.39,5,Repeat
10244,2023-11-21,Delhi,Beauty,Cancelled,3867.376,6,Repeat
10245,2023-09-28,Bengaluru,Home,Returned,1016.39,8,New
10246,2023-10-20,Pune,Home,Delivered,2165.472,5,New
10247,2023-08-29,Bengaluru,Fashion,Delivered,1262.77,1,New
10248,2023-10-21,Pune,Sports,Cancelled,583.5120000000001,5,New
10249,2023-07-02,Delhi,Sports,Delivered,3278.88,3,Repeat
10250,2023-11-06,Delhi,Sports,Delivered,1148.0240000000001,4,New
10251,2023-08-17,Mumbai,Beauty,Delivered,3144.64,8,Repeat
10252,2023-11-17,Bengaluru,Sports,Returned,804.5120000000001,7,New
10253,2023-08-06,Bengaluru,Home,Delivered,1993.94,5,New
10254,2023-12-07,Bengaluru,Beauty,Returned,3213.88,2,New
10255,2023-07-09,Bengaluru,Electronics,Delivered,2466.73,6,New
10256,2023-10-07,Delhi,Sports,Returned,2659.88,6,New
10257,2023-11-24,Mumbai,Sports,Delivered,2730.848,6,New
10258,2023-08-17,Bengaluru,Electronics,Delivered,4296.9,9,Repeat
10259,2023-11-08,Pune,Sports,Cancelled,1569.7200000000003,8,Repeat
10260,2023-11-25,Hyderabad,Electronics,Returned,2874.264,8,New
10261,2023-11-29,Pune,Beauty,Delivered,3861.8160000000007,1,New
10262,2023-08-23,Pune,Home,Returned,3786.1,5,New
10263,2023-10-28,Bengaluru,Electronics,Returned,2163.536,7,New
10264,2023-12-08,Mumbai,Fashion,Delivered,2670.5840000000003,6,New
10265,2023-11-29,Delhi,Electronics,Delivered,3062.856,5,New
10266,2023-10-24,Delhi,Sports,Delivered,2604.192,8,New
10267,2023-09-13,Bengaluru,Beauty,Delivered,575.04,3,New
10268,2023-10-21,Hyderabad,Beauty,Cancelled,1101.184,6,New
10269,2023-12-11,Bengaluru,Electronics,Delivered,3317.688,5,New
10270,2023-12-13,Bengaluru,Home,Returned,1381.544,8,Repeat
10271,2023-10-12,Mumbai,Fashion,Delivered,3033.6240000000003,4,New
10272,2023-09-22,Mumbai,Beauty,Delivered,2174.54,8,New
10273,2023-10-20,Mumbai,Sports,Delivered,2278.784,2,New
10274,2023-10-07,Bengaluru,Sports,Cancelled,644.7040000000001,9,Repeat
10275,2023-11-30,Hyderabad,Home,Returned,1052.416,9,Repeat
10276,2023-10-01,Bengaluru,Beauty,Cancelled,3845.9120000000003,6,Repeat
10277,2023-11-23,Bengaluru,Electronics,Delivered,3604.496,4,New
10278,2023-11-05,Hyderabad,Sports,Delivered,2748.192,4,New
10279,2023-10-18,Pune,Home,Cancelled,2054.7200000000003,6,Repeat
10280,2023-09-20,Hyderabad,Beauty,Delivered,3540.93,5,New
10281,2023-08-23,Hyderabad,Beauty,Returned,3283.75,6,New
10282,2023-12-10,Delhi,Beauty,Returned,2446.792,7,Repeat
10283,2023-12-16,Mumbai,Beauty,Delivered,613.04,7,New
10284,2023-12-08,Bengaluru,Beauty,Delivered,2678.088,9,New
10285,2023-09-06,Mumbai,Sports,Returned,3960.14,8,New
10286,2023-08-02,Mumbai,Home,Delivered,4973.37,6,New
10287,2023-11-19,Bengaluru,Beauty,Returned,439.88000000000005,6,New
10288,2023-07-21,Delhi,Fashion,Returned,3785.78,5,Repeat
10289,2023-08-17,Mumbai,Fashion,Delivered,3073.05,1,Repeat
10290,2023-11-25,Bengaluru,Home,Delivered,1962.584,9,New
10291,2023-11-05,Bengaluru,Electronics,Returned,859.256,9,Repeat
10292,2023-11-13,Delhi,Electronics,Delivered,1872.7040000000002,9,New
10293,2023-11-12,Bengaluru,Electronics,Delivered,1675.76,8,New
10294,2023-11-22,Hyderabad,Fashion,Cancelled,1490.1840000000002,3,Repeat
10295,2023-11-05,Mumbai,Electronics,Delivered,3031.168,1,Repeat
10296,2023-08-02,Mumbai,Sports,Returned,3653.26,8,Repeat
10297,2023-12-23,Mumbai,Beauty,Delivered,2520.472,7,Repeat
10298,2023-10-23,Hyderabad,Fashion,Returned,3779.192,5,Repeat
10299,2023-10-27,Bengaluru,Home,Delivered,1659.4720000000002,7,Repeat
10300,2023-07-22,Delhi,Home,Delivered,1597.11,4,New
10301,2023-12-05,Mumbai,Beauty,Delivered,2761.248,9,Repeat
10302,2023-08-07,Bengaluru,Fashion,Returned,1394.66,2,Repeat
10303,2023-10-17,Hyderabad,Electronics,Returned,1534.04,9,Repeat
10304,2023-08-20,Delhi,Electronics,Delivered,1510.71,9,New
10305,2023-12-29,Delhi,Sports,Delivered,648.9520000000001,5,New
10306,2023-07-08,Hyderabad,Sports,Delivered,4223.74,1,New
10307,2023-07-27,Hyderabad,Electronics,Delivered,1645.43,7,New
10308,2023-07-27,Delhi,Home,Delivered,2628.62,4,Repeat
10309,2023-07-21,Hyderabad,Home,Delivered,694.92,9,New
10310,2023-07-30,Delhi,Sports,Delivered,3647.03,6,New
10311,2023-10-05,Delhi,Beauty,Delivered,1590.016,3,Repeat
10312,2023-07-28,Delhi,Electronics,Delivered,3851.32,6,New
10313,2023-10-19,Delhi,Sports,Delivered,1884.6480000000001,6,New
10314,2023-08-30,Bengaluru,Sports,Returned,1380.9,5,New
10315,2023-08-17,Hyderabad,Electronics,Returned,2809.29,2,Repeat
10316,2023-11-24,Hyderabad,Electronics,Returned,869.816,2,New
10317,2023-07-04,Bengaluru,Home,Cancelled,2482.43,7,Repeat
10318,2023-08-04,Hyderabad,Beauty,Delivered,1927.87,2,New
10319,2023-08-18,Bengaluru,Beauty,Delivered,4603.82,6,New
10320,2023-07-17,Bengaluru,Electronics,Cancelled,774.18,5,New
10321,2023-12-19,Delhi,Fashion,Returned,2898.464,4,Repeat
10322,2023-12-05,Bengaluru,Sports,Returned,1057.9040000000002,7,New
10323,2023-08-15,Hyderabad,Sports,Delivered,1935.7,8,New
10324,2023-10-25,Hyderabad,Electronics,Delivered,1895.848,4,New
10325,2023-07-06,Mumbai,Fashion,Delivered,4586.07,1,Repeat
10326,2023-10-07,Bengaluru,Home,Returned,1273.28,1,New
10327,2023-11-01,Bengaluru,Electronics,Cancelled,728.712,1,Repeat
10328,2023-08-06,Delhi,Electronics,Returned,1934.1,1,Repeat
10329,2023-07-24,Pune,Sports,Delivered,971.04,5,New
10330,2023-10-01,Delhi,Electronics,Delivered,862.9440000000001,4,New
10331,2023-08-15,Bengaluru,Electronics,Delivered,3082.33,9,New
10332,2023-12-28,Delhi,Electronics,Returned,619.248,3,New
10333,2023-10-03,Mumbai,Sports,Returned,511.3520000000001,7,New
10334,2023-10-07,Delhi,Home,Cancelled,2971.8880000000004,8,New
10335,2023-10-24,Bengaluru,Home,Cancelled,1701.9279999999999,6,New
10336,2023-12-07,Delhi,Electronics,Delivered,851.3520000000001,1,New
10337,2023-12-08,Mumbai,Sports,Delivered,1313.008,8,New
10338,2023-09-05,Pune,Home,Delivered,3389.39,3,New
10339,2023-11-05,Bengaluru,Home,Delivered,1391.928,8,Repeat
10340,2023-07-18,Delhi,Home,Delivered,2725.35,4,Repeat
10341,2023-07-25,Pune,Sports,Delivered,1047.63,8,Repeat
10342,2023-08-23,Bengaluru,Sports,Delivered,3146.42,1,New
10343,2023-08-27,Pune,Electronics,Delivered,1922.35,3,New
10344,2023-09-05,Delhi,Beauty,Delivered,3321.36,6,New
10345,2023-10-12,Bengaluru,Home,Delivered,3310.224,9,New
10346,2023-12-21,Bengaluru,Beauty,Delivered,2601.928,2,New
10347,2023-07-24,Delhi,Sports,Delivered,1830.86,1,Repeat
10348,2023-10-22,Bengaluru,Sports,Returned,1320.68,3,New
10349,2023-08-01,Mumbai,Sports,Delivered,1973.39,4,New
10350,2023-12-22,Bengaluru,Beauty,Delivered,992.6320000000001,5,Repeat
10351,2023-09-24,Delhi,Sports,Returned,1315.27,3,New
10352,2023-11-28,Bengaluru,Electronics,Delivered,3246.4880000000003,2,New
10353,2023-11-04,Hyderabad,Sports,Returned,1785.0400000000002,2,New
10354,2023-12-02,Pune,Fashion,Delivered,1969.584,7,New
10355,2023-11-07,Pune,Beauty,Cancelled,2538.576,9,Repeat
10356,2023-07-17,Delhi,Fashion,Delivered,3153.44,2,New
10357,2023-10-12,Bengaluru,Sports,Returned,642.5600000000001,7,New
10358,2023-12-08,Delhi,Electronics,Delivered,3393.5440000000003,7,Repeat
10359,2023-11-14,Bengaluru,Home,Delivered,1038.376,7,Repeat
10360,2023-08-12,Bengaluru,Sports,Returned,3753.82,3,Repeat
10361,2023-12-23,Bengaluru,Electronics,Delivered,3181.616,7,Repeat
10362,2023-08-08,Mumbai,Beauty,Delivered,3717.05,1,New
10363,2023-12-17,Delhi,Fashion,Returned,2484.32,1,New
10364,2023-07-26,Delhi,Fashion,Delivered,565.74,5,New
10365,2023-10-07,Mumbai,Fashion,Delivered,1697.352,2,New
10366,2023-08-19,Bengaluru,Beauty,Returned,3221.78,9,Repeat
10367,2023-11-30,Pune,Electronics,Returned,1794.8240000000003,7,Repeat
10368,2023-11-29,Mumbai,Beauty,Returned,3508.5280000000002,4,New
10369,2023-07-13,Mumbai,Fashion,Delivered,1889.61,4,New
10370,2023-08-29,Bengaluru,Sports,Delivered,1820.91,2,New
10371,2023-11-12,Delhi,Home,Delivered,1357.592,5,Repeat
10372,2023-08-26,Delhi,Beauty,Returned,1997.51,4,New
10373,2023-08-05,Bengaluru,Beauty,Returned,3008.32,1,Repeat
10374,2023-12-20,Bengaluru,Electronics,Cancelled,2945.2560000000003,8,Repeat
10375,2023-07-20,Delhi,Electronics,Delivered,3481.56,3,Repeat
10376,2023-09-03,Delhi,Beauty,Delivered,4134.73,6,Repeat
10377,2023-07-08,Bengaluru,Fashion,Delivered,4486.61,4,Repeat
10378,2023-11-21,Pune,Home,Delivered,3337.888,9,New
10379,2023-11-19,Bengaluru,Electronics,Cancelled,468.20000000000005,7,New
10380,2023-10-23,Mumbai,Fashion,Delivered,3049.304,9,New
10381,2023-11-20,Pune,Sports,Returned,1150.24,3,New
10382,2023-09-30,Mumbai,Electronics,Delivered,1098.18,1,Repeat
10383,2023-10-06,Delhi,Fashion,Delivered,2698.56,5,New
10384,2023-09-04,Mumbai,Fashion,Delivered,1938.84,3,Repeat
10385,2023-08-01,Bengaluru,Home,Returned,757.03,6,New
10386,2023-09-24,Pune,Home,Delivered,1119.33,8,New
10387,2023-08-20,Mumbai,Sports,Delivered,504.18,4,Repeat
10388,2023-11-30,Hyderabad,Fashion,Returned,3651.608,5,New
10389,2023-09-01,Bengaluru,Fashion,Delivered,610.78,5,New
10390,2023-11-02,Bengaluru,Home,Delivered,1154.04,4,New
10391,2023-11-27,Bengaluru,Electronics,Delivered,1898.5439999999999,4,Repeat
10392,2023-08-27,Delhi,Electronics,Returned,2104.57,4,New
10393,2023-08-27,Mumbai,Beauty,Delivered,4602.77,4,New
10394,2023-09-24,Hyderabad,Home,Returned,681.3,4,New
10395,2023-08-18,Mumbai,Beauty,Returned,2804.97,5,Repeat
10396,2023-12-27,Pune,Home,Returned,2849.728,2,Repeat
10397,2023-12-17,Bengaluru,Sports,Delivered,3754.1120000000005,2,New
10398,2023-09-08,Hyderabad,Fashion,Returned,3291.67,9,New
10399,2023-07-15,Delhi,Sports,Returned,4116.9,2,Repeat
10400,2023-08-23,Delhi,Home,Returned,876.76,6,New
10401,2023-10-09,Hyderabad,Fashion,Returned,1789.384,2,New
10402,2023-07-08,Delhi,Electronics,Delivered,2182.76,5,New
10403,2023-08-22,Delhi,Electronics,Delivered,4488.3,4,Repeat
10404,2023-08-29,Bengaluru,Beauty,Delivered,1181.17,7,New
10405,2023-10-16,Bengaluru,Home,Cancelled,946.792,7,New
10406,2023-07-05,Pune,Home,Returned,1978.51,6,Repeat
10407,2023-10-11,Delhi,Electronics,Delivered,596.08,5,Repeat
10408,2023-07-06,Delhi,Sports,Delivered,1321.06,1,New
10409,2023-10-17,Mumbai,Fashion,Delivered,3874.752,3,New
10410,2023-10-24,Bengaluru,Sports,Delivered,1941.464,9,Repeat
10411,2023-10-02,Bengaluru,Sports,Returned,2675.2720000000004,1,Repeat
10412,2023-08-16,Delhi,Electronics,Delivered,3767.5,5,Repeat
10413,2023-10-07,Mumbai,Electronics,Delivered,1721.064,2,New
10414,2023-08-24,Bengaluru,Electronics,Returned,1162.52,4,New
10415,2023-12-15,Mumbai,Beauty,Delivered,1143.6879999999999,1,Repeat
10416,2023-08-21,Bengaluru,Sports,Delivered,1909.7,3,Repeat
10417,2023-11-21,Mumbai,Home,Delivered,2689.848,7,New
10418,2023-07-13,Bengaluru,Fashion,Returned,2292.26,3,New
10419,2023-10-22,Delhi,Beauty,Delivered,424.536,4,Repeat
10420,2023-11-01,Bengaluru,Home,Cancelled,2284.264,2,New
10421,2023-10-14,Mumbai,Sports,Delivered,3717.4480000000003,3,New
10422,2023-12-05,Bengaluru,Electronics,Returned,3323.4800000000005,9,New
10423,2023-11-24,Bengaluru,Sports,Returned,3370.76,3,New
10424,2023-11-22,Mumbai,Fashion,Returned,3262.2080000000005,5,New
10425,2023-10-28,Mumbai,Beauty,Delivered,1565.432,2,Repeat
10426,2023-09-01,Delhi,Beauty,Delivered,3943.37,4,New
10427,2023-07-19,Bengaluru,Fashion,Delivered,1144.23,7,New
10428,2023-09-30,Delhi,Home,Delivered,3459.72,7,New
10429,2023-08-27,Hyderabad,Home,Delivered,3387.06,3,New
10430,2023-12-30,Delhi,Beauty,Returned,492.048,5,New
10431,2023-09-28,Bengaluru,Beauty,Delivered,4045.87,1,New
10432,2023-10-25,Mumbai,Electronics,Cancelled,3651.696,1,Repeat
10433,2023-08-31,Bengaluru,Home,Returned,1703.37,5,New
10434,2023-07-23,Bengaluru,Fashion,Returned,4155.76,9,New
10435,2023-11-04,Pune,Home,Delivered,696.6640000000001,1,New
10436,2023-11-14,Bengaluru,Electronics,Delivered,2559.8880000000004,1,New
10437,2023-11-17,Mumbai,Beauty,Delivered,2148.328,4,Repeat
10438,2023-11-06,Delhi,Beauty,Delivered,2365.328,4,New
10439,2023-08-27,Delhi,Electronics,Delivered,4667.92,2,Repeat
10440,2023-10-30,Mumbai,Fashion,Delivered,3536.7360000000003,9,New
10441,2023-07-01,Bengaluru,Beauty,Cancelled,4032.88,9,Repeat
10442,2023-08-03,Bengaluru,Sports,Returned,1731.64,2,New
10443,2023-10-04,Mumbai,Beauty,Returned,3682.5440000000003,9,Repeat
10444,2023-11-03,Bengaluru,Sports,Delivered,751.024,6,New
10445,2023-10-26,Mumbai,Electronics,Delivered,3471.984,8,New
10446,2023-08-17,Bengaluru,Electronics,Delivered,1976.72,4,Repeat
10447,2023-09-27,Bengaluru,Beauty,Cancelled,741.98,2,Repeat
10448,2023-10-25,Mumbai,Home,Returned,2809.688,2,New
10449,2023-11-06,Bengaluru,Sports,Delivered,1232.6080000000002,9,New
10450,2023-07-16,Mumbai,Fashion,Delivered,1596.07,1,New
10451,2023-09-07,Delhi,Beauty,Delivered,1877.21,7,Repeat
10452,2023-07-22,Hyderabad,Fashion,Delivered,786.58,3,New
10453,2023-10-01,Bengaluru,Beauty,Returned,1037.656,3,New
10454,2023-09-14,Bengaluru,Home,Delivered,523.13,2,Repeat
10455,2023-12-01,Bengaluru,Home,Delivered,2003.4720000000002,6,Repeat
10456,2023-11-21,Delhi,Home,Cancelled,703.32,2,Repeat
10457,2023-12-26,Delhi,Home,Delivered,2857.552,4,Repeat
10458,2023-09-24,Bengaluru,Electronics,Returned,1560.3,9,Repeat
10459,2023-07-29,Pune,Electronics,Delivered,4746.08,9,New
10460,2023-09-07,Bengaluru,Sports,Delivered,4420.63,6,New
10461,2023-08-16,Mumbai,Fashion,Delivered,1802.48,4,Repeat
10462,2023-10-02,Delhi,Beauty,Returned,3219.576,7,New
10463,2023-11-21,Hyderabad,Beauty,Returned,3291.6800000000003,1,Repeat
10464,2023-12-23,Delhi,Electronics,Delivered,3951.624,4,New
10465,2023-09-23,Hyderabad,Beauty,Delivered,3190.28,5,New
10466,2023-08-08,Bengaluru,Electronics,Returned,868.85,8,Repeat
10467,2023-10-08,Hyderabad,Sports,Delivered,2728.616,2,Repeat
10468,2023-08-02,Bengaluru,Fashion,Cancelled,3312.41,5,New
10469,2023-10-09,Hyderabad,Sports,Returned,2698.0640000000003,6,Repeat
10470,2023-07-23,Mumbai,Home,Cancelled,1882.16,5,Repeat
10471,2023-07-10,Hyderabad,Home,Returned,4368.56,9,New
10472,2023-09-07,Mumbai,Home,Delivered,4817.62,1,New
10473,2023-10-08,Delhi,Sports,Delivered,1183.768,3,Repeat
10474,2023-08-03,Mumbai,Beauty,Delivered,896.68,2,Repeat
10475,2023-12-27,Delhi,Fashion,Cancelled,1100.3280000000002,3,New
10476,2023-11-15,Bengaluru,Home,Cancelled,3353.984,9,Repeat
10477,2023-11-24,Bengaluru,Home,Delivered,2835.92,9,Repeat
10478,2023-10-04,Bengaluru,Home,Delivered,2689.768,2,New
10479,2023-07-01,Bengaluru,Fashion,Cancelled,2308.07,3,Repeat
10480,2023-09-07,Hyderabad,Home,Delivered,3100.23,4,New
10481,2023-07-04,Bengaluru,Fashion,Delivered,1885.43,9,New
10482,2023-07-16,Pune,Home,Returned,2647.4,3,Repeat
10483,2023-07-24,Bengaluru,Sports,Returned,4068.78,7,Repeat
10484,2023-09-18,Bengaluru,Sports,Delivered,4915.59,3,Repeat
10485,2023-07-02,Delhi,Fashion,Delivered,4696.2,7,New
10486,2023-11-05,Delhi,Sports,Delivered,3761.92,7,New
10487,2023-12-07,Mumbai,Fashion,Delivered,1848.0080000000003,9,New
10488,2023-09-22,Mumbai,Sports,Delivered,2609.55,2,New
10489,2023-11-29,Delhi,Sports,Returned,2940.2880000000005,6,New
10490,2023-11-17,Bengaluru,Fashion,Returned,3719.888,9,New
10491,2023-12-25,Pune,Beauty,Delivered,911.176,2,New
10492,2023-12-10,Pune,Sports,Delivered,1495.272,2,Repeat
10493,2023-11-01,Delhi,Home,Delivered,901.288,5,New
10494,2023-08-02,Bengaluru,Beauty,Delivered,3254.04,8,New
10495,2023-12-08,Delhi,Fashion,Delivered,1502.68,9,New
10496,2023-12-26,Bengaluru,Beauty,Returned,1573.9920000000002,2,New
10497,2023-12-18,Bengaluru,Electronics,Delivered,655.296,5,New
10498,2023-10-09,Bengaluru,Electronics,Returned,1659.2640000000001,7,New
10499,2023-07-12,Mumbai,Sports,Cancelled,4381.23,6,Repeat
10500,2023-09-05,Hyderabad,Sports,Returned,1548.83,6,New
10501,2023-09-03,Delhi,Home,Delivered,3628.34,7,Repeat
10502,2023-12-08,Delhi,Beauty,Returned,2666.664,3,Repeat
10503,2023-12-15,Mumbai,Electronics,Returned,3508.5440000000003,3,Repeat
10504,2023-09-12,Bengaluru,Sports,Delivered,1095.3,9,New
10505,2023-08-12,Mumbai,Beauty,Returned,4899.15,8,Repeat
10506,2023-08-13,Pune,Sports,Delivered,3121.83,5,New
10507,2023-07-29,Bengaluru,Sports,Delivered,4979.63,6,New
10508,2023-11-18,Hyderabad,Electronics,Delivered,3681.456,1,Repeat
10509,2023-07-12,Mumbai,Electronics,Delivered,1496.83,1,Repeat
10510,2023-10-03,Mumbai,Sports,Returned,602.1840000000001,4,New
10511,2023-08-15,Delhi,Fashion,Cancelled,1650.38,2,New
10512,2023-11-07,Mumbai,Sports,Returned,2299.232,7,New
10513,2023-08-04,Hyderabad,Sports,Delivered,1272.18,2,New
10514,2023-09-19,Pune,Home,Delivered,1253.57,2,New
10515,2023-09-28,Mumbai,Home,Delivered,2581.67,5,Repeat
10516,2023-07-08,Bengaluru,Home,Delivered,649.71,4,Repeat
10517,2023-10-01,Mumbai,Fashion,Returned,838.8000000000001,8,Repeat
10518,2023-12-01,Pune,Fashion,Delivered,1897.1040000000003,4,New
10519,2023-09-28,Bengaluru,Sports,Delivered,784.08,6,Repeat
10520,2023-12-09,Delhi,Home,Delivered,1828.3200000000002,5,Repeat
10521,2023-10-23,Delhi,Fashion,Returned,2106.4240000000004,2,Repeat
10522,2023-10-13,Delhi,Electronics,Delivered,2024.56,8,New
10523,2023-11-12,Bengaluru,Sports,Delivered,3529.032,2,New
10524,2023-08-27,Delhi,Beauty,Delivered,2885.28,9,New
10525,2023-10-22,Pune,Sports,Cancelled,2084.728,9,New
10526,2023-09-13,Bengaluru,Beauty,Delivered,2348.19,3,Repeat
10527,2023-12-04,Bengaluru,Home,Delivered,3343.4480000000003,4,Repeat
10528,2023-10-28,Pune,Beauty,Delivered,3622.2000000000003,8,New
10529,2023-12-11,Bengaluru,Home,Delivered,3471.6720000000005,9,New
10530,2023-07-21,Hyderabad,Electronics,Delivered,3530.96,3,New
10531,2023-12-11,Mumbai,Beauty,Returned,894.5040000000001,5,New
10532,2023-11-15,Bengaluru,Sports,Delivered,1396.728,8,New
10533,2023-10-09,Hyderabad,Home,Returned,565.824,3,Repeat
10534,2023-11-29,Mumbai,Sports,Delivered,3750.9680000000003,7,New
10535,2023-12-24,Mumbai,Fashion,Delivered,2778.8720000000003,8,Repeat
10536,2023-10-07,Mumbai,Home,Returned,3086.9040000000005,3,New
10537,2023-08-05,Mumbai,Beauty,Delivered,1902.07,2,New
10538,2023-10-04,Bengaluru,Home,Delivered,3444.352,7,New
10539,2023-11-29,Mumbai,Sports,Cancelled,1334.5680000000002,9,Repeat
10540,2023-11-28,Pune,Electronics,Delivered,405.92,1,New
10541,2023-08-06,Bengaluru,Home,Delivered,2193.87,3,Repeat
10542,2023-07-12,Delhi,Beauty,Delivered,3068.43,5,New
10543,2023-10-21,Bengaluru,Fashion,Delivered,2123.3360000000002,3,Repeat
10544,2023-12-30,Delhi,Electronics,Delivered,3503.472,1,Repeat
10545,2023-07-13,Bengaluru,Fashion,Delivered,974.32,7,New
10546,2023-07-23,Pune,Home,Delivered,2992.21,7,Repeat
10547,2023-10-07,Mumbai,Sports,Delivered,2246.728,8,New
10548,2023-10-13,Bengaluru,Sports,Cancelled,1413.016,5,Repeat
10549,2023-07-30,Bengaluru,Beauty,Delivered,4200.03,5,New
10550,2023-07-17,Bengaluru,Sports,Delivered,3887.82,5,New
10551,2023-10-21,Mumbai,Electronics,Cancelled,3038.2960000000003,1,Repeat
10552,2023-08-31,Bengaluru,Sports,Delivered,4442.87,5,Repeat
10553,2023-09-22,Hyderabad,Beauty,Delivered,3752.53,6,New
10554,2023-10-20,Mumbai,Home,Delivered,1234.632,1,Repeat
10555,2023-09-24,Bengaluru,Home,Delivered,3675.03,7,New
10556,2023-11-18,Delhi,Sports,Returned,1507.728,1,New
10557,2023-07-19,Delhi,Fashion,Delivered,1589.79,2,Repeat
10558,2023-12-24,Bengaluru,Home,Returned,662.816,2,New
10559,2023-10-08,Bengaluru,Sports,Delivered,3078.5040000000004,5,New
10560,2023-11-17,Bengaluru,Beauty,Delivered,2959.6000000000004,7,Repeat
10561,2023-11-24,Delhi,Sports,Cancelled,1244.2,1,New
10562,2023-09-14,Delhi,Home,Returned,3872.21,1,Repeat
10563,2023-07-09,Mumbai,Beauty,Returned,4630.28,1,New
10564,2023-07-28,Hyderabad,Sports,Delivered,986.13,6,New
10565,2023-11-05,Hyderabad,Electronics,Cancelled,1237.488,2,New
10566,2023-08-21,Mumbai,Beauty,Delivered,3876.17,1,Repeat
10567,2023-09-21,Hyderabad,Electronics,Delivered,1735.28,6,Repeat
10568,2023-10-19,Bengaluru,Fashion,Cancelled,2648.792,2,New
10569,2023-11-21,Bengaluru,Beauty,Returned,692.192,6,New
10570,2023-10-25,Bengaluru,Electronics,Returned,2027.9279999999999,8,Repeat
10571,2023-09-07,Bengaluru,Home,Delivered,3825.91,2,New
10572,2023-10-07,Mumbai,Home,Delivered,2871.4480000000003,9,Repeat
10573,2023-11-17,Pune,Fashion,Delivered,3334.256,8,New
10574,2023-07-25,Bengaluru,Beauty,Delivered,4448.53,1,Repeat
10575,2023-12-27,Bengaluru,Beauty,Delivered,3183.464,7,New
10576,2023-10-31,Mumbai,Beauty,Returned,2817.712,6,Repeat
10577,2023-08-22,Pune,Fashion,Delivered,642.75,6,Repeat
10578,2023-11-28,Bengaluru,Beauty,Returned,2325.88,6,New
10579,2023-11-21,Mumbai,Home,Returned,535.712,6,New
10580,2023-08-26,Bengaluru,Electronics,Cancelled,4136.31,7,Repeat
10581,2023-08-08,Bengaluru,Home,Delivered,1943.26,3,Repeat
10582,2023-10-17,Pune,Home,Cancelled,2424.744,6,New
10583,2023-12-28,Pune,Electronics,Cancelled,1406.0,3,New
10584,2023-08-11,Bengaluru,Home,Delivered,4021.25,7,Repeat
10585,2023-12-14,Pune,Fashion,Cancelled,3591.4080000000004,7,New
10586,2023-11-19,Delhi,Electronics,Delivered,1835.112,8,Repeat
10587,2023-10-30,Hyderabad,Home,Returned,3506.52,2,New
10588,2023-11-10,Mumbai,Sports,Returned,1361.472,9,Repeat
10589,2023-12-10,Mumbai,Home,Delivered,2324.776,5,Repeat
10590,2023-09-13,Mumbai,Fashion,Delivered,4364.43,9,Repeat
10591,2023-11-23,Delhi,Beauty,Cancelled,1573.1760000000002,5,New
10592,2023-09-14,Bengaluru,Home,Delivered,4793.19,7,Repeat
10593,2023-07-09,Bengaluru,Beauty,Delivered,1048.46,9,New
10594,2023-09-12,Bengaluru,Sports,Returned,582.24,4,New
10595,2023-11-22,Delhi,Home,Cancelled,3654.888,2,New
10596,2023-07-07,Bengaluru,Electronics,Delivered,808.92,9,New
10597,2023-12-21,Delhi,Beauty,Delivered,3970.8,2,Repeat
10598,2023-11-18,Pune,Sports,Delivered,3825.032,3,New
10599,2023-12-15,Bengaluru,Electronics,Returned,893.2719999999999,2,Repeat
10600,2023-12-17,Delhi,Electronics,Returned,2335.304,3,Repeat
10601,2023-11-14,Mumbai,Electronics,Cancelled,1065.7120000000002,6,Repeat
10602,2023-12-25,Hyderabad,Electronics,Delivered,1941.36,3,New
10603,2023-07-27,Bengaluru,Home,Delivered,776.41,8,New
10604,2023-10-30,Delhi,Home,Delivered,1206.1280000000002,6,Repeat
10605,2023-07-05,Hyderabad,Home,Delivered,2134.73,7,New
10606,2023-07-29,Pune,Sports,Delivered,2473.91,1,New
10607,2023-12-12,Delhi,Sports,Delivered,3918.984,3,New
10608,2023-12-13,Mumbai,Sports,Delivered,3308.3199999999997,3,New
10609,2023-09-21,Delhi,Fashion,Cancelled,3818.34,2,Repeat
10610,2023-11-13,Hyderabad,Sports,Delivered,2333.3520000000003,7,New
10611,2023-10-17,Mumbai,Home,Cancelled,3423.992,9,New
10612,2023-09-03,Bengaluru,Home,Delivered,2026.95,4,New
10613,2023-09-24,Pune,Fashion,Returned,3690.05,5,New
10614,2023-11-22,Delhi,Fashion,Delivered,3977.624,3,New
10615,2023-09-09,Delhi,Sports,Returned,1915.83,9,New
10616,2023-08-14,Bengaluru,Beauty,Delivered,3533.08,4,New
10617,2023-11-09,Delhi,Fashion,Delivered,3439.536,5,Repeat
10618,2023-08-05,Mumbai,Electronics,Cancelled,4621.13,1,New
10619,2023-09-08,Delhi,Home,Returned,3730.7,2,New
10620,2023-12-06,Bengaluru,Electronics,Delivered,1420.9920000000002,9,New
10621,2023-07-19,Delhi,Home,Delivered,1968.27,2,New
10622,2023-10-16,Pune,Home,Delivered,474.728,5,Repeat
10623,2023-12-29,Bengaluru,Fashion,Returned,3139.192,8,New
10624,2023-12-14,Pune,Fashion,Returned,553.864,3,New
10625,2023-09-29,Mumbai,Electronics,Delivered,4390.94,6,New
10626,2023-09-28,Hyderabad,Home,Delivered,1033.97,4,Repeat
10627,2023-07-19,Delhi,Electronics,Cancelled,1273.44,7,New
10628,2023-08-08,Mumbai,Beauty,Delivered,2644.37,3,Repeat
10629,2023-11-03,Delhi,Electronics,Returned,3056.3680000000004,6,New
10630,2023-12-20,Hyderabad,Sports,Delivered,900.408,9,Repeat
10631,2023-11-18,Mumbai,Electronics,Delivered,1984.2560000000003,1,Repeat
10632,2023-11-03,Bengaluru,Sports,Delivered,2138.264,3,New
10633,2023-08-27,Delhi,Sports,Delivered,1455.29,2,New
10634,2023-11-25,Hyderabad,Sports,Delivered,816.008,8,New
10635,2023-08-30,Delhi,Beauty,Returned,4263.89,7,New
10636,2023-11-04,Delhi,Electronics,Returned,2208.88,2,New
10637,2023-10-13,Mumbai,Electronics,Delivered,451.77600000000007,6,New
10638,2023-12-14,Hyderabad,Beauty,Returned,3290.7360000000003,3,New
10639,2023-07-01,Bengaluru,Home,Delivered,4913.57,8,New
10640,2023-11-08,Mumbai,Fashion,Delivered,2581.3360000000002,3,New
10641,2023-09-30,Bengaluru,Electronics,Delivered,2766.69,9,New
10642,2023-10-21,Bengaluru,Fashion,Returned,3562.2960000000003,1,New
10643,2023-11-30,Mumbai,Beauty,Cancelled,3829.0640000000003,5,Repeat
10644,2023-08-25,Mumbai,Home,Delivered,3895.42,3,New
10645,2023-12-08,Delhi,Home,Returned,2003.632,6,Repeat
10646,2023-12-13,Mumbai,Home,Returned,2532.0,2,New
10647,2023-10-25,Mumbai,Beauty,Cancelled,2923.3680000000004,9,New
10648,2023-11-11,Bengaluru,Sports,Returned,1099.384,6,New
10649,2023-08-27,Mumbai,Sports,Delivered,2512.4,7,New
10650,2023-08-13,Bengaluru,Fashion,Delivered,4234.2,5,Repeat
10651,2023-12-20,Bengaluru,Sports,Delivered,2757.0080000000003,9,Repeat
10652,2023-12-07,Delhi,Sports,Delivered,1880.3360000000002,1,New
10653,2023-12-20,Delhi,Home,Returned,2788.1040000000003,5,Repeat
10654,2023-08-30,Delhi,Home,Delivered,1032.0,6,New
10655,2023-08-16,Mumbai,Fashion,Delivered,2306.74,7,Repeat
10656,2023-11-26,Mumbai,Electronics,Returned,3255.264,4,Repeat
10657,2023-09-18,Hyderabad,Fashion,Cancelled,1492.29,1,New
10658,2023-10-26,Mumbai,Fashion,Delivered,1069.464,8,New
10659,2023-12-11,Mumbai,Beauty,Delivered,3822.9440000000004,4,New
10660,2023-11-24,Bengaluru,Beauty,Cancelled,1155.632,3,Repeat
10661,2023-07-20,Bengaluru,Fashion,Returned,1674.13,7,New
10662,2023-11-23,Mumbai,Fashion,Delivered,3890.6160000000004,2,Repeat
10663,2023-08-16,Mumbai,Fashion,Delivered,3806.19,8,Repeat
10664,2023-08-18,Mumbai,Sports,Returned,3648.18,6,New
10665,2023-07-14,Mumbai,Beauty,Returned,4338.17,7,New
10666,2023-11-20,Delhi,Fashion,Delivered,816.96,5,Repeat
10667,2023-12-06,Delhi,Home,Delivered,2941.4400000000005,9,New
10668,2023-07-01,Hyderabad,Home,Delivered,2766.6,5,Repeat
10669,2023-10-25,Delhi,Sports,Returned,3384.9440000000004,5,New
10670,2023-08-23,Pune,Sports,Cancelled,2786.64,3,New
10671,2023-10-26,Bengaluru,Electronics,Delivered,2632.8720000000003,1,New
10672,2023-07-03,Bengaluru,Electronics,Returned,2649.84,2,Repeat
10673,2023-11-21,Bengaluru,Electronics,Returned,2121.3759999999997,8,New
10674,2023-07-12,Delhi,Sports,Delivered,3955.86,1,Repeat
10675,2023-09-12,Hyderabad,Sports,Returned,3328.55,7,New
10676,2023-07-16,Bengaluru,Sports,Delivered,3349.68,5,Repeat
10677,2023-10-10,Pune,Home,Delivered,2021.016,3,New
10678,2023-11-29,Bengaluru,Sports,Returned,2311.9919999999997,7,New
10679,2023-12-03,Pune,Home,Returned,3084.5840000000003,9,Repeat
10680,2023-10-25,Mumbai,Electronics,Delivered,3373.384,2,New
10681,2023-07-08,Bengaluru,Electronics,Returned,3634.53,8,New
10682,2023-10-30,Mumbai,Electronics,Delivered,3726.664,9,New
10683,2023-09-30,Bengaluru,Fashion,Delivered,4191.46,3,Repeat
10684,2023-12-11,Bengaluru,Fashion,Delivered,2422.712,2,Repeat
10685,2023-09-28,Bengaluru,Beauty,Returned,3521.33,7,New
10686,2023-11-13,Hyderabad,Beauty,Delivered,3734.7120000000004,5,New
10687,2023-08-29,Mumbai,Beauty,Cancelled,3286.26,5,Repeat
10688,2023-12-25,Bengaluru,Fashion,Returned,3369.304,5,New
10689,2023-07-28,Delhi,Fashion,Returned,3599.65,4,Repeat
10690,2023-10-09,Delhi,Beauty,Delivered,2386.9680000000003,5,New
10691,2023-08-10,Bengaluru,Beauty,Delivered,1588.27,4,Repeat
10692,2023-12-02,Mumbai,Sports,Returned,1933.5919999999999,6,Repeat
10693,2023-11-22,Bengaluru,Beauty,Delivered,3883.8720000000003,4,Repeat
10694,2023-12-08,Bengaluru,Sports,Delivered,2767.952,2,Repeat
10695,2023-12-04,Delhi,Home,Delivered,2431.824,9,New
10696,2023-11-18,Bengaluru,Fashion,Returned,3758.6400000000003,2,New
10697,2023-08-15,Mumbai,Beauty,Delivered,3139.3,9,New
10698,2023-08-04,Delhi,Fashion,Delivered,2867.37,6,Repeat
10699,2023-11-11,Bengaluru,Fashion,Delivered,3133.5200000000004,9,Repeat
10700,2023-09-20,Mumbai,Fashion,Delivered,3707.0,9,Repeat
10701,2023-10-23,Bengaluru,Home,Returned,1095.376,3,New
10702,2023-08-16,Pune,Electronics,Delivered,2620.89,1,New
10703,2023-11-30,Mumbai,Beauty,Delivered,2101.056,1,New
10704,2023-07-10,Hyderabad,Electronics,Delivered,2202.01,3,Repeat
10705,2023-08-25,Mumbai,Electronics,Returned,2827.82,5,New
10706,2023-07-30,Bengaluru,Electronics,Returned,2358.98,3,New
10707,2023-10-17,Delhi,Fashion,Delivered,1117.64,9,Repeat
10708,2023-07-05,Pune,Sports,Delivered,2355.65,9,New
10709,2023-10-27,Delhi,Fashion,Returned,660.2,3,New
10710,2023-08-02,Hyderabad,Fashion,Returned,3091.04,3,New
10711,2023-10-26,Hyderabad,Electronics,Returned,3473.16,5,Repeat
10712,2023-09-03,Bengaluru,Fashion,Delivered,3763.79,2,New
10713,2023-11-23,Bengaluru,Electronics,Delivered,1697.4160000000002,6,Repeat
10714,2023-12-24,Delhi,Sports,Returned,713.4560000000001,7,New
10715,2023-07-11,Mumbai,Beauty,Delivered,1409.67,9,Repeat
10716,2023-09-23,Hyderabad,Electronics,Delivered,2954.71,6,New
10717,2023-07-26,Pune,Sports,Delivered,1431.76,3,New
10718,2023-09-01,Mumbai,Beauty,Delivered,2947.88,5,Repeat
10719,2023-09-24,Bengaluru,Home,Delivered,1542.2,4,Repeat
10720,2023-08-28,Delhi,Electronics,Delivered,4320.16,5,New
10721,2023-07-27,Bengaluru,Electronics,Delivered,2287.72,8,Repeat
10722,2023-12-24,Hyderabad,Home,Delivered,1283.9840000000002,8,New
10723,2023-12-08,Mumbai,Home,Returned,3324.376,6,Repeat
10724,2023-10-06,Delhi,Electronics,Cancelled,1634.2240000000002,1,Repeat
10725,2023-10-13,Bengaluru,Home,Cancelled,801.3520000000001,8,New
10726,2023-10-07,Delhi,Fashion,Returned,2453.472,8,Repeat
10727,2023-11-06,Mumbai,Beauty,Delivered,2493.632,2,New
10728,2023-11-26,Mumbai,Beauty,Returned,2972.9040000000005,4,New
10729,2023-08-24,Bengaluru,Beauty,Delivered,1580.99,2,Repeat
10730,2023-07-06,Delhi,Fashion,Delivered,2496.97,4,Repeat
10731,2023-10-03,Hyderabad,Home,Delivered,1416.5280000000002,7,New
10732,2023-11-10,Bengaluru,Sports,Delivered,691.432,9,New
10733,2023-10-10,Bengaluru,Home,Delivered,3555.8080000000004,8,New
10734,2023-07-03,Bengaluru,Electronics,Delivered,3779.91,9,Repeat
10735,2023-12-28,Delhi,Beauty,Cancelled,1485.2640000000001,8,New
10736,2023-07-23,Delhi,Home,Delivered,3197.18,2,New
10737,2023-08-22,Mumbai,Sports,Delivered,1405.69,7,New
10738,2023-12-12,Bengaluru,Electronics,Cancelled,3604.8480000000004,2,New
10739,2023-09-21,Mumbai,Fashion,Returned,1017.08,2,New
10740,2023-11-22,Mumbai,Fashion,Delivered,413.81600000000003,4,New
10741,2023-09-23,Mumbai,Sports,Cancelled,2759.04,1,New
10742,2023-09-16,Pune,Electronics,Delivered,3124.08,5,New
10743,2023-10-18,Bengaluru,Beauty,Returned,2484.2720000000004,6,Repeat
10744,2023-07-01,Delhi,Home,Cancelled,745.3,9,New
10745,2023-08-20,Mumbai,Electronics,Delivered,1913.2,8,Repeat
10746,2023-12-20,Mumbai,Fashion,Returned,2197.1200000000003,2,Repeat
10747,2023-07-04,Delhi,Sports,Delivered,1474.61,1,Repeat
10748,2023-10-21,Delhi,Sports,Delivered,3541.456,2,Repeat
10749,2023-08-01,Pune,Home,Returned,891.99,7,New
10750,2023-08-03,Bengaluru,Sports,Delivered,2693.23,4,New
10751,2023-09-30,Bengaluru,Sports,Delivered,3611.37,5,New
10752,2023-10-03,Delhi,Electronics,Delivered,1342.304,7,New
10753,2023-09-10,Mumbai,Beauty,Cancelled,3309.08,3,Repeat
10754,2023-08-08,Bengaluru,Home,Delivered,4232.23,2,Repeat
10755,2023-12-01,Bengaluru,Electronics,Returned,1085.2160000000001,7,Repeat
10756,2023-12-09,Bengaluru,Beauty,Delivered,3701.992,5,New
10757,2023-12-29,Hyderabad,Electronics,Delivered,2392.8080000000004,1,Repeat
10758,2023-10-26,Bengaluru,Electronics,Returned,1477.232,1,New
10759,2023-07-03,Bengaluru,Sports,Delivered,2438.86,9,New
10760,2023-10-31,Bengaluru,Beauty,Cancelled,1523.888,5,New
10761,2023-08-19,Mumbai,Home,Delivered,3763.0,1,Repeat
10762,2023-07-12,Bengaluru,Home,Delivered,4083.35,7,New
10763,2023-08-23,Mumbai,Beauty,Cancelled,4248.22,9,Repeat
10764,2023-11-10,Bengaluru,Sports,Returned,3948.768,1,Repeat
10765,2023-08-26,Hyderabad,Fashion,Delivered,4060.78,4,Repeat
10766,2023-11-22,Bengaluru,Electronics,Returned,2564.9840000000004,3,New
10767,2023-10-20,Mumbai,Sports,Delivered,1621.192,5,Repeat
10768,2023-08-16,Hyderabad,Beauty,Returned,2950.68,7,Repeat
10769,2023-11-28,Delhi,Electronics,Delivered,547.848,8,New
10770,2023-09-23,Mumbai,Home,Delivered,3851.71,2,New
10771,2023-11-19,Bengaluru,Fashion,Returned,2005.4400000000003,7,New
10772,2023-09-04,Bengaluru,Home,Delivered,590.1,1,New
10773,2023-09-13,Delhi,Beauty,Delivered,781.28,7,New
10774,2023-12-26,Pune,Electronics,Delivered,1794.88,8,Repeat
10775,2023-10-11,Delhi,Beauty,Cancelled,2500.32,2,New
10776,2023-12-13,Mumbai,Electronics,Delivered,2071.136,9,New
10777,2023-08-07,Delhi,Sports,Cancelled,3286.42,1,Repeat
10778,2023-08-19,Mumbai,Fashion,Delivered,2661.32,6,New
10779,2023-10-06,Bengaluru,Sports,Delivered,2782.1360000000004,1,Repeat
10780,2023-09-20,Mumbai,Sports,Returned,1486.07,3,New
10781,2023-07-30,Pune,Beauty,Delivered,1007.79,6,New
10782,2023-09-17,Bengaluru,Fashion,Delivered,3183.95,3,New
10783,2023-09-29,Delhi,Electronics,Delivered,2681.1,8,New
10784,2023-12-26,Bengaluru,Electronics,Delivered,496.72,5,New
10785,2023-08-21,Mumbai,Home,Cancelled,2212.17,2,Repeat
10786,2023-12-13,Bengaluru,Electronics,Cancelled,782.056,4,New
10787,2023-09-17,Mumbai,Beauty,Returned,2891.11,9,Repeat
10788,2023-07-30,Delhi,Sports,Delivered,2281.0,4,New
10789,2023-10-14,Bengaluru,Sports,Delivered,2607.344,8,New
10790,2023-08-20,Delhi,Sports,Delivered,4125.21,5,Repeat
10791,2023-09-19,Delhi,Fashion,Delivered,1848.51,1,New
10792,2023-11-10,Pune,Electronics,Delivered,3863.568,7,Repeat
10793,2023-07-29,Bengaluru,Beauty,Delivered,2910.36,3,Repeat
10794,2023-11-09,Mumbai,Fashion,Delivered,2625.848,8,Repeat
10795,2023-11-15,Bengaluru,Home,Returned,2850.4240000000004,3,New
10796,2023-11-22,Pune,Beauty,Delivered,2800.232,1,New
10797,2023-09-12,Pune,Beauty,Returned,2799.37,5,Repeat
10798,2023-07-17,Mumbai,Beauty,Delivered,2429.44,2,Repeat
10799,2023-09-22,Hyderabad,Sports,Delivered,742.02,4,New
10800,2023-09-07,Mumbai,Beauty,Delivered,599.39,1,New
10801,2023-08-03,Delhi,Electronics,Delivered,2110.83,9,New
10802,2023-07-06,Bengaluru,Beauty,Cancelled,2001.47,6,New
10803,2023-08-22,Delhi,Sports,Delivered,2244.63,8,New
10804,2023-11-03,Bengaluru,Beauty,Delivered,898.1280000000002,4,New
10805,2023-08-12,Hyderabad,Home,Returned,3821.76,9,Repeat
10806,2023-10-23,Delhi,Home,Delivered,3485.072,2,Repeat
10807,2023-10-19,Delhi,Sports,Returned,3779.376,9,Repeat
10808,2023-11-28,Bengaluru,Electronics,Delivered,2172.5040000000004,5,New
10809,2023-12-30,Bengaluru,Electronics,Delivered,2923.1200000000003,6,New
10810,2023-09-18,Bengaluru,Fashion,Delivered,4349.98,3,Repeat
10811,2023-10-03,Mumbai,Sports,Delivered,1905.848,4,Repeat
10812,2023-10-26,Bengaluru,Beauty,Returned,1513.888,6,Repeat
10813,2023-11-21,Pune,Sports,Returned,3772.2080000000005,7,Repeat
10814,2023-07-08,Mumbai,Fashion,Delivered,2820.54,1,New
10815,2023-11-09,Bengaluru,Sports,Delivered,2190.112,7,Repeat
10816,2023-10-12,Mumbai,Sports,Cancelled,1042.296,1,New
10817,2023-11-09,Mumbai,Fashion,Cancelled,789.3600000000001,5,New
10818,2023-07-25,Delhi,Electronics,Returned,4289.48,6,Repeat
10819,2023-10-04,Mumbai,Beauty,Delivered,2610.88,2,New
10820,2023-12-02,Pune,Fashion,Returned,1572.968,9,New
10821,2023-10-01,Mumbai,Home,Returned,1090.248,6,New
10822,2023-12-07,Pune,Electronics,Cancelled,2399.792,7,New
10823,2023-12-25,Hyderabad,Home,Delivered,2502.112,8,Repeat
10824,2023-08-30,Bengaluru,Electronics,Returned,1431.47,1,New
10825,2023-10-30,Pune,Beauty,Delivered,3465.0640000000003,8,New
10826,2023-08-20,Bengaluru,Beauty,Returned,879.19,4,New
10827,2023-11-24,Hyderabad,Sports,Delivered,1681.9360000000001,8,New
10828,2023-07-21,Mumbai,Home,Delivered,3561.73,6,New
10829,2023-07-05,Hyderabad,Electronics,Delivered,1733.54,9,Repeat
10830,2023-09-30,Hyderabad,Beauty,Delivered,4224.54,4,New
10831,2023-12-17,Hyderabad,Fashion,Cancelled,3063.5280000000002,2,Repeat
10832,2023-08-30,Delhi,Beauty,Delivered,4050.6,2,Repeat
10833,2023-07-22,Bengaluru,Fashion,Cancelled,1035.98,5,Repeat
10834,2023-11-26,Bengaluru,Electronics,Delivered,905.9680000000001,9,New
10835,2023-09-08,Mumbai,Beauty,Delivered,1789.13,3,New
10836,2023-07-01,Bengaluru,Beauty,Delivered,2831.35,8,Repeat
10837,2023-11-10,Delhi,Electronics,Delivered,3092.856,4,New
10838,2023-07-12,Bengaluru,Beauty,Returned,4264.39,6,Repeat
10839,2023-09-28,Pune,Fashion,Delivered,3669.51,6,Repeat
10840,2023-08-15,Delhi,Beauty,Returned,4678.69,3,Repeat
10841,2023-08-03,Hyderabad,Home,Returned,3824.35,5,Repeat
10842,2023-12-24,Bengaluru,Sports,Delivered,1502.5680000000002,3,New
10843,2023-09-16,Hyderabad,Fashion,Delivered,1692.87,1,New
10844,2023-08-14,Pune,Home,Delivered,3632.87,7,Repeat
10845,2023-12-02,Mumbai,Electronics,Delivered,1094.336,4,New
10846,2023-09-11,Delhi,Fashion,Returned,917.22,7,New
10847,2023-07-26,Delhi,Sports,Delivered,2895.0,3,Repeat
10848,2023-08-16,Bengaluru,Sports,Cancelled,4197.39,5,New
10849,2023-10-29,Mumbai,Electronics,Returned,764.9680000000001,5,Repeat
10850,2023-08-25,Mumbai,Electronics,Delivered,4063.51,2,Repeat
10851,2023-10-02,Bengaluru,Fashion,Delivered,3321.656,2,New
10852,2023-10-15,Mumbai,Beauty,Delivered,2136.184,4,Repeat
10853,2023-09-01,Bengaluru,Electronics,Returned,757.9,4,Repeat
10854,2023-08-17,Bengaluru,Beauty,Returned,1285.65,4,Repeat
10855,2023-08-30,Bengaluru,Home,Delivered,3683.42,6,New
10856,2023-09-19,Pune,Sports,Delivered,3703.0,2,New
10857,2023-07-26,Mumbai,Beauty,Delivered,4542.6,6,Repeat
10858,2023-08-05,Pune,Sports,Delivered,3122.09,7,New
10859,2023-07-01,Mumbai,Beauty,Delivered,1058.48,3,New
10860,2023-07-08,Bengaluru,Home,Delivered,1046.37,8,Repeat
10861,2023-10-21,Mumbai,Electronics,Cancelled,2996.08,2,New
10862,2023-10-07,Mumbai,Home,Delivered,1061.624,8,New
10863,2023-12-27,Bengaluru,Electronics,Returned,1582.1840000000002,5,New
10864,2023-08-16,Delhi,Electronics,Delivered,2692.45,2,New
10865,2023-11-04,Bengaluru,Sports,Delivered,489.15200000000004,7,Repeat
10866,2023-08-25,Delhi,Home,Delivered,1619.69,2,New
10867,2023-07-14,Delhi,Beauty,Delivered,2335.5,6,New
10868,2023-07-28,Bengaluru,Home,Cancelled,1758.36,3,Repeat
10869,2023-09-16,Bengaluru,Sports,Returned,1113.67,9,Repeat
10870,2023-11-07,Delhi,Electronics,Delivered,3020.848,3,Repeat
10871,2023-10-17,Mumbai,Sports,Returned,3327.328,3,New
10872,2023-12-01,Bengaluru,Fashion,Returned,1326.928,5,New
10873,2023-07-14,Pune,Fashion,Returned,3984.89,7,Repeat
10874,2023-08-25,Bengaluru,Beauty,Delivered,2234.99,8,New
10875,2023-10-23,Delhi,Sports,Delivered,2224.072,7,Repeat
10876,2023-07-07,Pune,Beauty,Delivered,4352.0,9,New
10877,2023-07-03,Bengaluru,Beauty,Delivered,3874.79,5,New
10878,2023-10-19,Bengaluru,Fashion,Cancelled,3298.424,3,Repeat
10879,2023-11-28,Bengaluru,Beauty,Cancelled,892.64,6,Repeat
10880,2023-10-15,Bengaluru,Fashion,Cancelled,650.9920000000001,5,Repeat
10881,2023-07-18,Bengaluru,Electronics,Delivered,4520.32,4,New
10882,2023-08-07,Delhi,Sports,Delivered,2245.25,2,New
10883,2023-10-23,Bengaluru,Beauty,Delivered,1436.3680000000002,7,New
10884,2023-07-15,Mumbai,Fashion,Cancelled,3761.13,5,New
10885,2023-10-27,Pune,Home,Delivered,3411.096,4,New
10886,2023-07-28,Hyderabad,Beauty,Returned,4381.2,8,New
10887,2023-08-08,Delhi,Electronics,Delivered,1921.99,9,New
10888,2023-07-17,Bengaluru,Electronics,Delivered,4334.96,9,Repeat
10889,2023-09-24,Delhi,Home,Delivered,684.2,3,Repeat
10890,2023-11-03,Mumbai,Fashion,Returned,578.784,3,Repeat
10891,2023-08-13,Mumbai,Beauty,Delivered,3305.84,5,New
10892,2023-07-25,Bengaluru,Fashion,Delivered,783.98,5,Repeat
10893,2023-11-22,Hyderabad,Electronics,Returned,1568.592,2,New
10894,2023-07-13,Mumbai,Fashion,Cancelled,3527.4,1,New
10895,2023-07-25,Bengaluru,Electronics,Delivered,2017.7,8,Repeat
10896,2023-09-06,Mumbai,Fashion,Delivered,1308.2,3,New
10897,2023-11-15,Mumbai,Home,Delivered,1412.864,1,New
10898,2023-09-05,Hyderabad,Sports,Returned,2559.09,1,New
10899,2023-10-17,Delhi,Home,Returned,2111.392,2,New
10900,2023-11-23,Delhi,Home,Delivered,3218.8,6,Repeat
10901,2023-10-19,Bengaluru,Sports,Delivered,3100.552,6,Repeat
10902,2023-10-19,Mumbai,Sports,Delivered,2044.5439999999999,3,Repeat
10903,2023-08-03,Mumbai,Beauty,Delivered,4305.5,4,New
10904,2023-10-19,Bengaluru,Beauty,Returned,811.2560000000001,2,Repeat
10905,2023-07-08,Bengaluru,Home,Delivered,1649.09,2,New
10906,2023-12-15,Delhi,Home,Delivered,3380.7120000000004,7,New
10907,2023-10-21,Bengaluru,Electronics,Returned,1760.7759999999998,1,Repeat
10908,2023-09-21,Mumbai,Electronics,Delivered,4915.32,7,New
10909,2023-08-11,Bengaluru,Beauty,Delivered,2598.14,1,Repeat
10910,2023-12-16,Bengaluru,Beauty,Returned,3250.9680000000003,6,New
10911,2023-10-09,Bengaluru,Electronics,Returned,1848.304,3,Repeat
10912,2023-07-06,Pune,Electronics,Delivered,2412.29,8,Repeat
10913,2023-12-27,Hyderabad,Fashion,Cancelled,1778.376,6,New
10914,2023-07-26,Pune,Fashion,Delivered,3735.84,2,New
10915,2023-09-02,Mumbai,Electronics,Delivered,2963.83,8,Repeat
10916,2023-08-28,Bengaluru,Fashion,Returned,4747.0,5,New
10917,2023-10-17,Mumbai,Sports,Returned,1303.208,8,New
10918,2023-10-29,Mumbai,Beauty,Cancelled,762.024,8,Repeat
10919,2023-08-02,Hyderabad,Beauty,Cancelled,2269.68,6,New
10920,2023-12-28,Bengaluru,Electronics,Delivered,2620.168,2,Repeat
10921,2023-11-27,Mumbai,Home,Delivered,3498.8800000000006,8,New
10922,2023-07-21,Bengaluru,Electronics,Returned,2057.89,6,New
10923,2023-09-08,Bengaluru,Fashion,Delivered,3442.04,6,Repeat
10924,2023-10-20,Delhi,Home,Delivered,1660.712,8,New
10925,2023-07-04,Mumbai,Fashion,Delivered,3277.49,1,New
10926,2023-10-02,Mumbai,Sports,Delivered,3585.3120000000004,2,New
10927,2023-09-13,Mumbai,Fashion,Delivered,1541.11,9,New
10928,2023-08-31,Mumbai,Sports,Cancelled,2319.09,8,New
10929,2023-10-02,Delhi,Sports,Returned,3975.752,7,New
10930,2023-10-03,Hyderabad,Fashion,Delivered,3526.8080000000004,7,New
10931,2023-11-29,Pune,Fashion,Delivered,2432.704,5,New
10932,2023-08-24,Delhi,Sports,Returned,2824.82,2,Repeat
10933,2023-11-14,Bengaluru,Home,Returned,1424.5600000000002,6,Repeat
10934,2023-11-08,Delhi,Sports,Returned,2261.952,3,New
10935,2023-07-31,Mumbai,Beauty,Delivered,4316.82,4,Repeat
10936,2023-08-09,Bengaluru,Sports,Delivered,3583.29,2,Repeat
10937,2023-08-05,Hyderabad,Home,Delivered,1805.2,2,New
10938,2023-11-29,Bengaluru,Beauty,Delivered,1125.272,8,Repeat
10939,2023-07-06,Pune,Electronics,Returned,1693.44,8,New
10940,2023-09-04,Mumbai,Electronics,Delivered,1263.92,6,Repeat
10941,2023-09-13,Delhi,Home,Delivered,930.38,5,New
10942,2023-07-04,Delhi,Sports,Delivered,2386.11,8,New
10943,2023-09-17,Hyderabad,Fashion,Delivered,1009.85,4,Repeat
10944,2023-11-11,Delhi,Home,Returned,1018.8879999999999,4,New
10945,2023-10-26,Delhi,Beauty,Delivered,2370.368,5,New
10946,2023-10-21,Bengaluru,Beauty,Delivered,992.5600000000001,1,New
10947,2023-10-02,Mumbai,Electronics,Returned,629.9680000000001,1,New
10948,2023-12-26,Bengaluru,Beauty,Returned,1542.6000000000001,2,Repeat
10949,2023-08-31,Delhi,Home,Delivered,1491.44,8,Repeat
10950,2023-09-17,Mumbai,Beauty,Delivered,2818.87,7,New
10951,2023-11-13,Delhi,Home,Delivered,768.52,9,New
10952,2023-07-26,Bengaluru,Fashion,Delivered,3882.97,5,Repeat
10953,2023-12-26,Bengaluru,Electronics,Cancelled,3662.4400000000005,2,New
10954,2023-12-20,Delhi,Beauty,Delivered,3076.3680000000004,7,Repeat
10955,2023-08-13,Bengaluru,Home,Delivered,2897.72,8,New
10956,2023-11-10,Bengaluru,Sports,Delivered,3498.4080000000004,7,New
10957,2023-09-08,Bengaluru,Electronics,Returned,3627.13,7,New
10958,2023-12-01,Pune,Fashion,Delivered,437.98400000000004,5,New
10959,2023-10-26,Delhi,Home,Returned,1818.728,2,New
10960,2023-09-06,Mumbai,Fashion,Delivered,4329.28,6,New
10961,2023-07-19,Bengaluru,Fashion,Returned,2056.36,4,New
10962,2023-07-20,Bengaluru,Beauty,Returned,658.47,2,New
10963,2023-10-21,Delhi,Beauty,Returned,3086.248,9,New
10964,2023-11-17,Delhi,Home,Delivered,3287.3360000000002,7,New
10965,2023-08-16,Bengaluru,Sports,Returned,1222.67,6,New
10966,2023-07-01,Bengaluru,Home,Delivered,2918.03,5,New
10967,2023-09-28,Bengaluru,Sports,Delivered,1363.8,3,New
10968,2023-11-19,Delhi,Fashion,Delivered,2989.2400000000002,4,Repeat
10969,2023-09-02,Delhi,Electronics,Delivered,1721.98,3,Repeat
10970,2023-08-07,Bengaluru,Home,Delivered,1922.97,8,New
10971,2023-08-06,Bengaluru,Home,Returned,4302.37,3,New
10972,2023-11-03,Bengaluru,Sports,Returned,2114.7599999999998,7,New
10973,2023-11-16,Pune,Fashion,Delivered,2811.1200000000003,7,Repeat
10974,2023-10-08,Bengaluru,Fashion,Delivered,1848.5439999999999,7,New
10975,2023-09-15,Delhi,Sports,Delivered,1841.03,7,New
10976,2023-07-03,Delhi,Fashion,Delivered,3314.65,2,Repeat
10977,2023-12-08,Mumbai,Beauty,Returned,957.4879999999999,3,New
10978,2023-11-11,Bengaluru,Electronics,Delivered,1742.8000000000002,9,New
10979,2023-12-25,Bengaluru,Home,Cancelled,1152.536,3,New
10980,2023-07-10,Delhi,Electronics,Delivered,3631.08,2,Repeat
10981,2023-07-05,Delhi,Home,Delivered,4748.94,9,New
10982,2023-11-28,Delhi,Beauty,Delivered,3983.84,9,Repeat
10983,2023-11-15,Mumbai,Fashion,Returned,2021.0,4,Repeat
10984,2023-12-19,Bengaluru,Sports,Delivered,1309.112,9,New
10985,2023-11-07,Pune,Beauty,Cancelled,1994.1840000000002,3,New
10986,2023-07-13,Delhi,Electronics,Delivered,4312.71,7,New
10987,2023-12-15,Bengaluru,Sports,Delivered,1141.624,7,Repeat
10988,2023-11-07,Pune,Fashion,Returned,3827.5440000000003,8,Repeat
10989,2023-09-22,Delhi,Beauty,Delivered,2038.4,4,New
10990,2023-09-03,Mumbai,Sports,Delivered,4936.12,3,Repeat
10991,2023-09-01,Delhi,Beauty,Delivered,4273.74,3,New
10992,2023-10-09,Hyderabad,Beauty,Returned,3310.8559999999998,5,New
10993,2023-09-11,Delhi,Fashion,Delivered,1930.57,1,Repeat
10994,2023-07-17,Bengaluru,Home,Delivered,539.5,3,Repeat
10995,2023-07-09,Bengaluru,Sports,Returned,2219.6,6,New
10996,2023-11-20,Pune,Fashion,Delivered,1486.5120000000002,3,Repeat
10997,2023-11-29,Bengaluru,Beauty,Delivered,534.632,5,Repeat
10998,2023-08-07,Mumbai,Fashion,Delivered,2774.14,9,Repeat
10999,2023-12-10,Mumbai,Home,Returned,1850.912,2,Repeat
11000,2023-10-02,Mumbai,Sports,Cancelled,2684.4,2,Repeat
11001,2023-10-03,Delhi,Home,Delivered,2636.2720000000004,6,New
11002,2023-08-18,Pune,Electronics,Delivered,1043.36,6,Repeat
11003,2023-09-07,Bengaluru,Sports,Delivered,4896.34,8,New
11004,2023-08-31,Bengaluru,Home,Delivered,1341.19,2,Repeat
11005,2023-12-25,Bengaluru,Beauty,Delivered,2002.9840000000002,9,New
11006,2023-09-16,Hyderabad,Sports,Delivered,2696.53,2,Repeat
11007,2023-10-25,Delhi,Sports,Returned,3327.024,1,New
11008,2023-10-28,Bengaluru,Fashion,Delivered,757.224,2,New
11009,2023-11-14,Hyderabad,Beauty,Cancelled,1943.1200000000001,7,New
11010,2023-12-09,Hyderabad,Electronics,Returned,2662.608,8,Repeat
11011,2023-09-14,Hyderabad,Home,Delivered,1468.2,5,Repeat
11012,2023-08-04,Pune,Fashion,Delivered,3323.61,6,New
11013,2023-07-01,Bengaluru,Home,Delivered,4656.49,1,Repeat
11014,2023-08-09,Delhi,Electronics,Returned,4988.83,6,Repeat
11015,2023-09-02,Mumbai,Electronics,Returned,646.03,8,Repeat
11016,2023-11-27,Hyderabad,Sports,Returned,1248.1200000000001,3,New
11017,2023-08-29,Delhi,Electronics,Delivered,1896.38,1,Repeat
11018,2023-09-02,Delhi,Home,Delivered,2296.07,4,New
11019,2023-10-01,Delhi,Beauty,Delivered,1272.1280000000002,1,Repeat
11020,2023-09-10,Bengaluru,Beauty,Delivered,1415.7,8,Repeat
11021,2023-07-11,Mumbai,Sports,Delivered,4795.49,5,Repeat
11022,2023-10-13,Pune,Home,Delivered,3706.6800000000003,1,Repeat
11023,2023-07-14,Pune,Home,Cancelled,711.47,8,New
11024,2023-08-29,Bengaluru,Electronics,Delivered,2024.66,9,New
11025,2023-07-30,Bengaluru,Home,Returned,2323.17,2,New
11026,2023-08-04,Bengaluru,Fashion,Delivered,1575.57,9,New
11027,2023-12-12,Delhi,Electronics,Returned,2663.944,8,New
11028,2023-07-05,Hyderabad,Fashion,Delivered,3381.71,7,Repeat
11029,2023-09-21,Bengaluru,Sports,Delivered,4327.27,3,Repeat
11030,2023-10-31,Mumbai,Beauty,Cancelled,3067.128,2,New
11031,2023-09-16,Hyderabad,Sports,Delivered,2941.58,7,New
11032,2023-12-01,Delhi,Beauty,Cancelled,2752.9120000000003,5,New
11033,2023-08-31,Mumbai,Sports,Returned,1732.95,6,New
11034,2023-11-09,Mumbai,Home,Delivered,2535.0,4,New
11035,2023-09-27,Mumbai,Fashion,Cancelled,2701.52,2,Repeat
11036,2023-08-11,Bengaluru,Beauty,Delivered,1100.05,9,New
11037,2023-09-27,Mumbai,Electronics,Delivered,1591.45,3,Repeat
11038,2023-11-23,Delhi,Fashion,Delivered,1450.096,7,New
11039,2023-08-09,Hyderabad,Electronics,Delivered,4659.39,8,Repeat
11040,2023-09-10,Delhi,Fashion,Delivered,1536.74,2,Repeat
11041,2023-08-08,Delhi,Fashion,Delivered,1801.6,6,Repeat
11042,2023-10-12,Bengaluru,Sports,Delivered,1729.6720000000003,8,Repeat
11043,2023-07-14,Mumbai,Beauty,Returned,3486.84,7,Repeat
11044,2023-08-01,Bengaluru,Beauty,Delivered,1032.07,3,Repeat
11045,2023-12-26,Bengaluru,Fashion,Cancelled,3834.2000000000003,1,Repeat
11046,2023-11-02,Delhi,Home,Delivered,3516.056,6,New
11047,2023-12-13,Pune,Home,Delivered,2477.976,8,New
11048,2023-10-05,Bengaluru,Electronics,Delivered,2826.536,6,New
11049,2023-07-23,Mumbai,Electronics,Delivered,574.97,5,Repeat
11050,2023-09-01,Hyderabad,Sports,Delivered,2025.25,8,New
11051,2023-11-20,Bengaluru,Fashion,Delivered,3264.376,2,Repeat
11052,2023-11-30,Mumbai,Electronics,Cancelled,678.936,1,Repeat
11053,2023-11-22,Delhi,Electronics,Delivered,1416.3280000000002,1,New
11054,2023-08-22,Delhi,Fashion,Delivered,3133.84,4,New
11055,2023-10-12,Bengaluru,Sports,Delivered,1323.088,6,Repeat
11056,2023-10-12,Mumbai,Electronics,Delivered,3762.3199999999997,9,New
11057,2023-12-26,Delhi,Sports,Delivered,871.808,1,Repeat
11058,2023-08-08,Mumbai,Beauty,Delivered,4088.27,1,New
11059,2023-12-26,Bengaluru,Sports,Delivered,2228.616,5,Repeat
11060,2023-11-11,Delhi,Home,Delivered,3101.192,5,New
11061,2023-09-05,Bengaluru,Home,Delivered,1898.22,5,Repeat
11062,2023-11-12,Delhi,Sports,Returned,2252.16,6,New
11063,2023-12-26,Bengaluru,Home,Delivered,3484.608,8,New
11064,2023-08-11,Pune,Beauty,Delivered,2600.95,3,New
11065,2023-07-15,Mumbai,Fashion,Delivered,2118.74,9,New
11066,2023-10-19,Bengaluru,Home,Delivered,2330.16,1,Repeat
11067,2023-12-04,Bengaluru,Home,Delivered,2982.5040000000004,4,Repeat
11068,2023-08-02,Bengaluru,Sports,Delivered,2496.04,9,New
11069,2023-12-02,Hyderabad,Beauty,Returned,3779.96,8,New
11070,2023-12-11,Pune,Fashion,Returned,1461.808,9,New
11071,2023-12-04,Mumbai,Sports,Returned,2111.672,1,Repeat
11072,2023-08-07,Mumbai,Sports,Delivered,3906.17,9,Repeat
11073,2023-10-05,Delhi,Beauty,Returned,2880.8320000000003,3,New
11074,2023-12-02,Hyderabad,Fashion,Returned,3509.1040000000003,9,Repeat
11075,2023-12-30,Mumbai,Beauty,Delivered,3988.5120000000006,1,Repeat
11076,2023-08-02,Mumbai,Fashion,Delivered,2420.86,1,Repeat
11077,2023-09-24,Mumbai,Beauty,Delivered,1000.18,9,Repeat
11078,2023-09-04,Delhi,Sports,Delivered,636.87,6,Repeat
11079,2023-07-10,Bengaluru,Sports,Delivered,3770.95,4,Repeat
11080,2023-07-05,Delhi,Electronics,Delivered,4433.06,7,New
11081,2023-10-31,Mumbai,Home,Cancelled,1194.568,5,Repeat
11082,2023-09-12,Delhi,Beauty,Returned,1213.02,7,New
11083,2023-10-05,Bengaluru,Electronics,Delivered,623.936,8,New
11084,2023-10-26,Mumbai,Home,Delivered,3361.728,8,New
11085,2023-08-07,Mumbai,Beauty,Delivered,1901.22,1,Repeat
11086,2023-11-18,Delhi,Fashion,Returned,1846.112,8,New
11087,2023-12-06,Bengaluru,Home,Delivered,2209.904,6,New
11088,2023-08-16,Mumbai,Sports,Delivered,4277.54,4,New
11089,2023-10-17,Mumbai,Electronics,Cancelled,2743.0,8,New
11090,2023-12-27,Mumbai,Home,Delivered,2614.232,3,New
11091,2023-07-15,Delhi,Home,Delivered,1290.52,4,Repeat
11092,2023-12-04,Delhi,Sports,Cancelled,2247.48,6,Repeat
11093,2023-11-13,Hyderabad,Beauty,Returned,2975.3680000000004,7,New
11094,2023-07-05,Bengaluru,Fashion,Returned,4879.67,4,Repeat
11095,2023-12-04,Hyderabad,Sports,Cancelled,1125.064,4,Repeat
11096,2023-08-16,Mumbai,Fashion,Delivered,542.95,7,New
11097,2023-09-06,Bengaluru,Beauty,Delivered,838.86,6,Repeat
11098,2023-09-14,Bengaluru,Home,Delivered,2191.34,8,Repeat
11099,2023-12-20,Bengaluru,Fashion,Cancelled,3353.96,1,New
11100,2023-11-07,Delhi,Electronics,Cancelled,425.712,7,New
11101,2023-12-02,Delhi,Electronics,Returned,2044.232,7,Repeat
11102,2023-10-03,Delhi,Sports,Delivered,1585.232,7,Repeat
11103,2023-10-23,Mumbai,Beauty,Delivered,588.936,7,New
11104,2023-12-11,Mumbai,Sports,Returned,2020.848,8,New
11105,2023-08-05,Bengaluru,Sports,Delivered,1646.37,9,New
11106,2023-07-26,Bengaluru,Sports,Delivered,2083.48,9,Repeat
11107,2023-08-12,Mumbai,Electronics,Delivered,3675.27,2,New
11108,2023-07-27,Bengaluru,Electronics,Delivered,2846.98,7,New
11109,2023-09-07,Bengaluru,Sports,Returned,1060.91,7,Repeat
11110,2023-11-25,Mumbai,Electronics,Cancelled,3861.096,4,New
11111,2023-07-11,Delhi,Beauty,Cancelled,3361.6,9,New
11112,2023-09-12,Pune,Sports,Delivered,3946.41,8,New
11113,2023-10-12,Pune,Electronics,Returned,685.1680000000001,1,Repeat
11114,2023-08-07,Delhi,Fashion,Delivered,711.76,2,New
11115,2023-11-11,Mumbai,Sports,Cancelled,470.016,2,Repeat
11116,2023-07-23,Delhi,Sports,Delivered,1349.57,8,New
11117,2023-08-16,Delhi,Beauty,Delivered,2364.84,1,New
11118,2023-09-28,Bengaluru,Home,Returned,4711.22,4,New
11119,2023-08-15,Mumbai,Home,Returned,2556.77,5,New
11120,2023-10-15,Hyderabad,Beauty,Returned,1444.92,9,Repeat
11121,2023-11-17,Mumbai,Beauty,Delivered,2422.9680000000003,7,New
11122,2023-11-18,Mumbai,Beauty,Delivered,802.9680000000001,8,Repeat
11123,2023-10-12,Mumbai,Home,Delivered,2594.224,9,New
11124,2023-10-19,Bengaluru,Beauty,Delivered,2446.3520000000003,7,Repeat
11125,2023-10-12,Mumbai,Electronics,Returned,3251.176,5,Repeat
11126,2023-08-29,Bengaluru,Sports,Returned,4940.09,5,Repeat
11127,2023-12-18,Bengaluru,Sports,Cancelled,1303.1440000000002,6,New
11128,2023-10-08,Bengaluru,Fashion,Returned,2234.7599999999998,5,New
11129,2023-09-06,Hyderabad,Fashion,Delivered,4589.89,9,New
11130,2023-11-10,Bengaluru,Sports,Delivered,3226.6800000000003,3,Repeat
11131,2023-10-28,Mumbai,Electronics,Delivered,2154.664,3,New
11132,2023-08-06,Bengaluru,Home,Delivered,4754.17,7,Repeat
11133,2023-09-10,Pune,Home,Delivered,757.57,7,Repeat
11134,2023-11-04,Bengaluru,Electronics,Delivered,3751.592,6,New
11135,2023-10-14,Mumbai,Home,Delivered,581.824,3,Repeat
11136,2023-09-30,Hyderabad,Beauty,Returned,2962.87,7,Repeat
11137,2023-07-31,Hyderabad,Sports,Returned,4506.98,5,Repeat
11138,2023-10-30,Bengaluru,Sports,Delivered,1345.7920000000001,7,New
11139,2023-11-14,Hyderabad,Electronics,Delivered,2100.096,2,New
11140,2023-08-20,Mumbai,Home,Cancelled,1959.48,6,New
11141,2023-07-29,Mumbai,Fashion,Returned,4784.65,8,Repeat
11142,2023-08-09,Bengaluru,Fashion,Returned,4206.41,1,Repeat
11143,2023-08-10,Bengaluru,Home,Cancelled,3690.51,4,New
11144,2023-07-11,Delhi,Fashion,Delivered,3144.32,1,Repeat
11145,2023-11-28,Mumbai,Electronics,Delivered,3354.128,1,New
11146,2023-07-01,Mumbai,Electronics,Returned,2265.2,8,Repeat
11147,2023-08-15,Delhi,Home,Delivered,2513.98,7,Repeat
11148,2023-10-09,Delhi,Fashion,Delivered,3028.0080000000003,1,Repeat
11149,2023-11-26,Bengaluru,Electronics,Cancelled,1687.92,2,Repeat
11150,2023-09-28,Delhi,Electronics,Returned,787.55,4,New
11151,2023-10-18,Bengaluru,Beauty,Delivered,667.6080000000001,1,New
11152,2023-12-11,Delhi,Beauty,Delivered,815.3040000000001,3,Repeat
11153,2023-12-29,Delhi,Electronics,Delivered,3530.8559999999998,8,New
11154,2023-08-26,Pune,Home,Delivered,2625.02,8,New
11155,2023-07-01,Bengaluru,Sports,Delivered,3707.97,8,Repeat
11156,2023-09-01,Bengaluru,Sports,Delivered,2268.09,6,New
11157,2023-12-29,Bengaluru,Electronics,Delivered,1331.3600000000001,6,Repeat
11158,2023-08-24,Bengaluru,Electronics,Cancelled,2062.36,5,Repeat
11159,2023-10-23,Bengaluru,Electronics,Returned,3259.0560000000005,9,Repeat
11160,2023-12-15,Pune,Home,Returned,2650.776,4,Repeat
11161,2023-11-20,Bengaluru,Beauty,Delivered,3775.5040000000004,7,Repeat
11162,2023-11-26,Bengaluru,Electronics,Returned,2846.936,1,Repeat
11163,2023-12-22,Delhi,Electronics,Delivered,2452.6560000000004,9,Repeat
11164,2023-08-22,Mumbai,Fashion,Delivered,3245.88,7,New
11165,2023-11-14,Delhi,Home,Returned,3792.536,9,Repeat
11166,2023-12-27,Bengaluru,Electronics,Delivered,3237.5200000000004,7,Repeat
11167,2023-08-26,Mumbai,Fashion,Returned,608.19,2,New
11168,2023-10-25,Bengaluru,Sports,Delivered,2322.904,6,New
11169,2023-12-01,Bengaluru,Electronics,Returned,2878.016,4,Repeat
11170,2023-12-16,Pune,Electronics,Returned,3095.312,3,New
11171,2023-08-04,Bengaluru,Fashion,Returned,1459.14,2,Repeat
11172,2023-09-01,Mumbai,Home,Delivered,4402.3,6,Repeat
11173,2023-07-25,Mumbai,Electronics,Delivered,4801.29,8,New
11174,2023-09-28,Bengaluru,Sports,Delivered,1565.22,6,Repeat
11175,2023-09-13,Hyderabad,Electronics,Delivered,4471.77,9,New
11176,2023-08-07,Bengaluru,Sports,Delivered,936.4,5,Repeat
11177,2023-11-07,Delhi,Beauty,Returned,600.544,2,New
11178,2023-11-12,Pune,Beauty,Delivered,865.2080000000001,8,Repeat
11179,2023-12-09,Mumbai,Sports,Delivered,607.864,9,New
11180,2023-09-29,Pune,Home,Returned,4302.56,4,New
11181,2023-07-17,Bengaluru,Electronics,Delivered,765.73,6,New
11182,2023-11-05,Mumbai,Electronics,Cancelled,1377.9920000000002,8,New
11183,2023-12-18,Bengaluru,Beauty,Delivered,773.52,9,New
11184,2023-10-16,Delhi,Sports,Delivered,1463.5200000000002,5,New
11185,2023-12-26,Pune,Electronics,Delivered,726.0160000000001,6,New
11186,2023-12-29,Bengaluru,Electronics,Delivered,2804.8080000000004,4,Repeat
11187,2023-11-29,Delhi,Home,Delivered,879.9760000000001,5,Repeat
11188,2023-07-25,Bengaluru,Fashion,Delivered,4333.31,7,Repeat
11189,2023-12-27,Mumbai,Beauty,Delivered,3341.888,9,Repeat
11190,2023-09-26,Mumbai,Beauty,Delivered,561.48,6,New
11191,2023-12-08,Pune,Fashion,Delivered,3624.6160000000004,6,New
11192,2023-12-24,Delhi,Electronics,Cancelled,504.20000000000005,8,New
11193,2023-07-29,Bengaluru,Home,Delivered,1578.41,4,Repeat
11194,2023-09-01,Bengaluru,Home,Delivered,645.75,3,Repeat
11195,2023-11-27,Bengaluru,Beauty,Delivered,1609.04,7,New
11196,2023-12-01,Bengaluru,Home,Delivered,2249.92,5,New
11197,2023-12-03,Bengaluru,Fashion,Returned,3267.92,2,New
11198,2023-10-22,Hyderabad,Electronics,Returned,1616.736,2,Repeat
11199,2023-08-18,Mumbai,Fashion,Delivered,3674.71,6,Repeat
11200,2023-09-19,Mumbai,Sports,Delivered,1343.77,8,New
